[{"model": "contenttypes.contenttype", "pk": 1, "fields": {"app_label": "admin", "model": "logentry"}}, {"model": "contenttypes.contenttype", "pk": 2, "fields": {"app_label": "auth", "model": "permission"}}, {"model": "contenttypes.contenttype", "pk": 3, "fields": {"app_label": "auth", "model": "group"}}, {"model": "contenttypes.contenttype", "pk": 4, "fields": {"app_label": "auth", "model": "user"}}, {"model": "contenttypes.contenttype", "pk": 5, "fields": {"app_label": "contenttypes", "model": "contenttype"}}, {"model": "contenttypes.contenttype", "pk": 6, "fields": {"app_label": "sessions", "model": "session"}}, {"model": "contenttypes.contenttype", "pk": 7, "fields": {"app_label": "curso", "model": "seccion"}}, {"model": "contenttypes.contenttype", "pk": 8, "fields": {"app_label": "curso", "model": "curso"}}, {"model": "contenttypes.contenttype", "pk": 9, "fields": {"app_label": "semana", "model": "tiporecurso"}}, {"model": "contenttypes.contenttype", "pk": 10, "fields": {"app_label": "semana", "model": "recurso"}}, {"model": "contenttypes.contenttype", "pk": 11, "fields": {"app_label": "semana", "model": "curso"}}, {"model": "contenttypes.contenttype", "pk": 12, "fields": {"app_label": "semana", "model": "plan"}}, {"model": "contenttypes.contenttype", "pk": 13, "fields": {"app_label": "equipo", "model": "coordinadores"}}, {"model": "contenttypes.contenttype", "pk": 14, "fields": {"app_label": "equipo", "model": "profesores"}}, {"model": "contenttypes.contenttype", "pk": 15, "fields": {"app_label": "ayudantias", "model": "aulas"}}, {"model": "contenttypes.contenttype", "pk": 16, "fields": {"app_label": "ayudantias", "model": "ayudantes"}}, {"model": "contenttypes.contenttype", "pk": 17, "fields": {"app_label": "ayudantias", "model": "ayudantias"}}, {"model": "contenttypes.contenttype", "pk": 18, "fields": {"app_label": "noticias", "model": "noticia"}}, {"model": "contenttypes.contenttype", "pk": 19, "fields": {"app_label": "ayudantias", "model": "apiembed"}}, {"model": "sessions.session", "pk": "7b1mg2i5hjs6n44ctur1fttx553q98b6", "fields": {"session_data": "NTQzZTBjOGE2MzExMDIzOTI1NjAzYzk5ODQwY2EzNGZhNDZhZGJjODp7Il9hdXRoX3VzZXJfaWQiOiIxIiwiX2F1dGhfdXNlcl9iYWNrZW5kIjoiZGphbmdvLmNvbnRyaWIuYXV0aC5iYWNrZW5kcy5Nb2RlbEJhY2tlbmQiLCJfYXV0aF91c2VyX2hhc2giOiJmMTM5MzFlMjYyMzBkMGUxOTc3OTVmNDY4NzRhMTM1NTI3YjM4NTcyIn0=", "expire_date": "2017-03-08T18:18:23.199Z"}}, {"model": "sessions.session", "pk": "vzk6talsf1sty0dja16c0acf3fr7e8w2", "fields": {"session_data": "NTQzZTBjOGE2MzExMDIzOTI1NjAzYzk5ODQwY2EzNGZhNDZhZGJjODp7Il9hdXRoX3VzZXJfaWQiOiIxIiwiX2F1dGhfdXNlcl9iYWNrZW5kIjoiZGphbmdvLmNvbnRyaWIuYXV0aC5iYWNrZW5kcy5Nb2RlbEJhY2tlbmQiLCJfYXV0aF91c2VyX2hhc2giOiJmMTM5MzFlMjYyMzBkMGUxOTc3OTVmNDY4NzRhMTM1NTI3YjM4NTcyIn0=", "expire_date": "2017-03-15T03:55:57.655Z"}}, {"model": "curso.curso", "pk": 1, "fields": {"descripcion": "El curso presenta a los estudiantes estrategias para resolver problemas comunes en diversas profesiones por medio del dise\u00f1o e implementaci\u00f3n de soluciones basadas en el uso de un lenguaje de programaci\u00f3n. Cubre los principios b\u00e1sicos para que el estudiante pueda leer y escribir programas, haciendo \u00e9nfasis en el dise\u00f1o y an\u00e1lisis de algoritmos. Adem\u00e1s, introduce a los estudiantes en el uso de herramientas de desarrollo y depuraci\u00f3n."}}, {"model": "curso.seccion", "pk": 2, "fields": {"curso": 1, "nombre": "Objetivos", "descripcion": "<h4 class=\"bold\">Objetivo general</h4>\r\n<ul>\r\n<li>Desarrollar programas en un lenguaje de programaci&oacute;n de alto nivel para resolver problemas relacionados a su profesi&oacute;n.</li>\r\n</ul>\r\n<h4 class=\"bold\">Objetivos espec&iacute;ficos</h4>\r\n<ul>\r\n<li>Aplicar m&eacute;todos computacionales para resolver problemas de su campo de estudio utilizando un lenguaje de programaci&oacute;n.</li>\r\n<li>Utilizar herramientas computacionales para modelar y entender datos.</li>\r\n<li>Aplicar algoritmos receta en la resoluci&oacute;n de problemas.</li>\r\n<li>Utilizar un ambiente de desarrollo para escribir y depurar programas.</li>\r\n<li>Utilizar modularizaci&oacute;n para la simplificaci&oacute;n de la estructura de un programa.</li>\r\n</ul>", "estado": "active", "indice": 1}}, {"model": "curso.seccion", "pk": 3, "fields": {"curso": 1, "nombre": "Syllabus", "descripcion": "<p class=\"pt-10\">El contenido de la materia est&aacute; distribuido de la siguiente manera</p>\r\n<h4 class=\"bold\">Unidad 1: Introducci&oacute;n a la programaci&oacute;n</h4>\r\n<ul>\r\n<li>Interpretadores y compiladores.</li>\r\n<li>Ambientes de programaci&oacute;n.</li>\r\n<li>Conceptos y propiedades de los algoritmos.</li>\r\n</ul>\r\n<h4 class=\"bold\">Unidad 2: Variables y tipos de datos</h4>\r\n<ul>\r\n<li>Tipos de datos, operadores l&oacute;gicos y relacionales.</li>\r\n<li>Conversiones entre tipos de datos y manejo de entrada-salida.</li>\r\n<li>Operaciones con cadenas de caracteres.</li>\r\n</ul>\r\n<h4 class=\"bold\">Unidad 3: Estructuras de control</h4>\r\n<ul>\r\n<li>Estructuras de control condicionales.</li>\r\n<li>Estructuras de control iterativas.</li>\r\n<li>Sentencias anidadas.</li>\r\n</ul>\r\n<h4 class=\"bold\">Unidad 4: Listas</h4>\r\n<ul>\r\n<li>Listas y sus propiedades.</li>\r\n<li>Indexaci&oacute;n, slicing y funciones b&aacute;sicas de listas.</li>\r\n<li>Manejo de caracteres como listas.</li>\r\n</ul>\r\n<h4 class=\"bold\">Unidad 5: Arreglos N-Dimensionales</h4>\r\n<ul>\r\n<li>Propiedades de los arreglos.</li>\r\n<li>Indexaci&oacute;n y slicing.</li>\r\n<li>Operaciones aritm&eacute;ticas, estad&iacute;sticas y de ordenamiento.</li>\r\n<li>Broadcasting.</li>\r\n</ul>\r\n<h4 class=\"bold\">Unidad 6: Funciones</h4>\r\n<ul>\r\n<li>Paradigma \"divide y vencer&aacute;s\".</li>\r\n<li>Principios y conceptos fundamentales de dise&ntilde;o.</li>\r\n<li>Definici&oacute;n e implementaci&oacute;n de funciones.</li>\r\n<li>Modularizaci&oacute;n.</li>\r\n</ul>\r\n<h4 class=\"bold\">Unidad 7: Colecciones</h4>\r\n<ul>\r\n<li>Caracter&iacute;sticas de las colecciones.</li>\r\n<li>Tipos de colecciones.</li>\r\n</ul>\r\n<h4 class=\"bold\">Unidad 8: Archivos - Entrada/Salida</h4>\r\n<ul>\r\n<li>Archivos y operaciones de entrada.</li>\r\n<li>Archivos y operaciones de salida.</li>\r\n</ul>\r\n<h4 class=\"bold\">Unidad 9: Procesamiento de datos</h4>\r\n<ul>\r\n<li>Filtrado y agrupaci&oacute;n de datos.</li>\r\n<li>Extracci&oacute;n y exportaci&oacute;n de datos.</li>\r\n<li>Visualizaci&oacute;n b&aacute;sica de datos.</li>\r\n</ul>", "estado": "inactive", "indice": 2}}, {"model": "curso.seccion", "pk": 4, "fields": {"curso": 1, "nombre": "Pol\u00edticas", "descripcion": "<h4 class=\"bold\">Pre-requisito</h4>\r\n<ul>\r\n<li>Herramientas de Colaboraci&oacute;n Digital (FIEC06460).</li>\r\n</ul>\r\n<h4 class=\"bold\">Clases</h4>\r\n<ul>\r\n<li>La asistencia a clases es obligatoria y ser&aacute; controlada a trav&eacute;s de la lista de asistencia.</li>\r\n<li>Cuando un estudiante hubiere faltado a un n&uacute;mero de horas de clases que sea igual o mayor al cuarenta por ciento (40%) del n&uacute;mero de horas de clases programadas durante el desarrollo del curso, autom&aacute;ticamente reprueba dicha materia.</li>\r\n<li><span class=\"bold\">Se dispondr&aacute; de 5 minutos de espera antes de iniciar cada sesi&oacute;n</span>, por respeto al profesor y a los compa&ntilde;eros.</li>\r\n<li><span class=\"bold\">No se permite el uso de celulares durante la clase.</span> Favor colocar sus tel&eacute;fonos en modo \"silencio\" y tener en cuenta las alarmas. Si el celular suena durante la clase, los estudiantes deber&aacute;n rendir una lecci&oacute;n al inicio de la siguiente clase.</li>\r\n<li><span class=\"bold\">El horario de clase es el establecido</span>, salvo acuerdo entre profesor y estudiantes en el caso de recuperaci&oacute;n.</li>\r\n</ul>\r\n<h4 class=\"bold\">Consultas</h4>\r\n<ul>\r\n<li><span class=\"bold\">Es importante que las consultas acerca de la materia y/o tareas se realicen durante la clase, a trav&eacute;s del foro de discusi&oacute;n</span>, para permitir que todos conozcamos del tema y aportemos con nuestras opiniones, <span class=\"bold\">o en horas de oficina</span>.</li>\r\n<li><span class=\"bold\">El profesor se reserva el derecho de admisi&oacute;n a SIDWEB y foro de discusi&oacute;n.</span> Aquellas personas que no expresen los mensajes con el debido respeto ser&aacute;n eliminados como alumnos dentro del sistema.</li>\r\n</ul>\r\n<h4 class=\"bold\">Evaluaciones</h4>\r\n<ul>\r\n<li>Se realizar&aacute;n evaluaciones continuas de acuerdo al avance del programa de estudios. <span class=\"bold\">El profesor se reserva el derecho de admisi&oacute;n a SIDWEB y foro de discusi&oacute;n.</span></li>\r\n<li><span class=\"bold\">Las evaluaciones no podr&aacute;n ser recuperadas bajo ning&uacute;n motivo.</span></li>\r\n<li>La ponderaci&oacute;n de las calificaciones es la siguiente:</li>\r\n</ul>\r\n<table class=\"table\" style=\"height: 74px; width: 483px; margin-left: auto; margin-right: auto;\">\r\n<thead></thead>\r\n<tbody>\r\n<tr>\r\n<td style=\"text-align: left;\">Examen</td>\r\n<td style=\"text-align: left;\">50%</td>\r\n<td style=\"text-align: left;\">50%</td>\r\n<td style=\"text-align: left;\">75%</td>\r\n</tr>\r\n<tr>\r\n<td>Proyecto y Avances</td>\r\n<td>25%</td>\r\n<td>25%</td>\r\n<td>25% *</td>\r\n</tr>\r\n<tr>\r\n<td>Talleres</td>\r\n<td>10%</td>\r\n<td>10%</td>\r\n<td>---</td>\r\n</tr>\r\n<tr>\r\n<td>Lecciones</td>\r\n<td>15%</td>\r\n<td>15%</td>\r\n<td>---</td>\r\n</tr>\r\n</tbody>\r\n</table>\r\n<p style=\"text-align: left;\"><span class=\"table-footer\">*Si un estudiante aprob&oacute; la materia podr&iacute;a dar el examen de mejoramiento sobre 100%</span></p>\r\n<ul>\r\n<li><span class=\"bold\">Los proyectos son en grupos de 2 estudiantes.</span> Se puede permitir UN grupo de 3 estudiantes en el caso de que el n&uacute;mero total de estudiantes sea impar.</li>\r\n<li><span class=\"bold\">Las sustentaciones de los proyectos de las evaluaciones I y II son obligatorias</span> y corresponden a un factor entre 0 y 1 que multiplica la calificaci&oacute;n del proyecto. La fecha y hora de la sustentaci&oacute;n ser&aacute; en el horario de clase.</li>\r\n<li>El proyecto de la III evaluaci&oacute;n es individual y deber&aacute; sustentarse.</li>\r\n<li>Para poder sustentar el proyecto de la III evaluaci&oacute;n, &eacute;ste deber&aacute; cumplir con todos los requisitos especificados.</li>\r\n<li><span class=\"bold\">Los grupos que se conformen para la realizaci&oacute;n de proyectos no podr&aacute;n ser disueltos.</span> El &uacute;nico motivo por el cual una persona se aparte del grupo es por haber anulado la materia. Si alguien se retira de la materia, por consideraci&oacute;n a sus compa&ntilde;eros deber&aacute; comunicarlo oportunamente.</li>\r\n</ul>\r\n<h4 class=\"bold\">Tareas</h4>\r\n<ul>\r\n<li><span class=\"bold\">Las tareas y/o proyectos ser&aacute;n publicados en la p&aacute;gina Web de la materia y recibidos por medio de esta, NO</span> se le dar&aacute; nota a tareas que sean enviadas al mail del profesor.</li>\r\n<li><span class=\"bold\">La fecha de entrega del proyecto es impostergable.</span></li>\r\n<li><span class=\"bold\">La fecha de entrega de las tareas es impostergable.</span> Las tareas entregadas en d&iacute;as posteriores a la fecha indicada se califican con la siguiente escala:\r\n<ul>\r\n<li>1 d&iacute;a despu&eacute;s de la fecha de entrega: 50% del puntaje de la tarea (empieza 1 segundo despu&eacute;s de la hora de entrega)</li>\r\n<li>2 d&iacute;as despu&eacute;s de la fecha de entrega: 0% del puntaje de la tarea</li>\r\n</ul>\r\n</li>\r\n<li><span class=\"bold\">Las tareas y/o proyectos deben pertenecer &uacute;nicamente a un estudiante,</span> salvo que la tarea y/o proyecto sea asignada en grupo. En el caso de copias o actos deshonestos la calificaci&oacute;n ser&aacute; CERO para todos los involucrados.</li>\r\n<li><span class=\"bold\">En caso de problemas con las tareas y/o proyectos, se podr&aacute; realizar la consulta respectiva en el foro de discusi&oacute;n.</span> Esto permitir&aacute; la colaboraci&oacute;n de los miembros del curso para su resoluci&oacute;n, pero no se permite la publicaci&oacute;n de respuestas.</li>\r\n<li><span class=\"bold\">TODA tarea debe incluir las referencias bibliogr&aacute;ficas respectivas.</span> En el caso de c&oacute;digo fuente, se utilizar&aacute; el formato de comentarios y en el caso de investigaci&oacute;n o tareas te&oacute;ricas se utilizar&aacute; el formato de citas bibliogr&aacute;ficas.</li>\r\n</ul>\r\n<h4 class=\"bold\">Deshonestidad Acad&eacute;mica</h4>\r\n<ul>\r\n<li>Todo estudiante que cometa en cualquier evaluaci&oacute;n actos de deshonestidad acad&eacute;mica premeditada recibir&aacute; como sanci&oacute;n, la primera vez, por lo menos la autom&aacute;tica reprobaci&oacute;n de la materia correspondiente. En caso de reincidir en los mismos actos, se le anular&aacute; la matr&iacute;cula en forma definitiva en la Instituci&oacute;n. En caso de estudiantes que incurran en actitudes deshonestas circunstanciales durante un examen o aporte el profesor impedir&aacute; la continuaci&oacute;n del examen o aporte a dicho estudiante, el que deber&aacute; abandonar la sala correspondi&eacute;ndole como sanci&oacute;n, por lo menos, la calificaci&oacute;n de CERO en el examen.</li>\r\n</ul>\r\n<h4 class=\"bold\">Ex&aacute;menes y Lecciones</h4>\r\n<ul>\r\n<li>Los ex&aacute;menes y lecciones ser&aacute;n dadas en el aula de clase durante el horario especificado.</li>\r\n<li>Una vez empezadas las evaluaciones ning&uacute;n estudiante podr&aacute; entrar o salir del aula hasta que el examen o la lecci&oacute;n termine.</li>\r\n<li>La evaluaci&oacute;n empieza en el momento que el profesor entrega o explica cualquier tema a cualquier estudiante presente.</li>\r\n</ul>\r\n<p>&nbsp;</p>", "estado": "inactive", "indice": 3}}, {"model": "curso.seccion", "pk": 5, "fields": {"curso": 1, "nombre": "Horario", "descripcion": "<h4 class=\"bold\">Horario de Ex&aacute;menes</h4>\r\n<table class=\"table table-bordered\">\r\n<thead>\r\n<tr>\r\n<td class=\"unwanted-td\">&nbsp;</td>\r\n<td>Fecha</td>\r\n<td>Hora</td>\r\n</tr>\r\n</thead>\r\n<tbody>\r\n<tr>\r\n<td>Examen Parcial</td>\r\n<td>Diciembre 6, 2016</td>\r\n<td>11H00 a 13H00</td>\r\n</tr>\r\n<tr>\r\n<td>Examen Final</td>\r\n<td>Febrero 14, 2017</td>\r\n<td>11H00 a 13H00</td>\r\n</tr>\r\n<tr>\r\n<td>Mejoramiento</td>\r\n<td>Marzo 7, 2017</td>\r\n<td>11H00 a 13H00</td>\r\n</tr>\r\n</tbody>\r\n</table>", "estado": "inactive", "indice": 4}}, {"model": "semana.curso", "pk": 1, "fields": {"descripcion": "En esta secci\u00f3n estar\u00e1 todo el material disponible de la materia por unidad. Podr\u00e1s encontrar diapositivas, videos, talleres, libros y m\u00e1s masterial para complementar lo aprendido en clases."}}, {"model": "semana.plan", "pk": 1, "fields": {"curso": 1, "nombre": "Introducci\u00f3n"}}, {"model": "semana.plan", "pk": 2, "fields": {"curso": 1, "nombre": "Variables y Tipos de Datos"}}, {"model": "semana.plan", "pk": 3, "fields": {"curso": 1, "nombre": "Estructuras de Control"}}, {"model": "semana.plan", "pk": 4, "fields": {"curso": 1, "nombre": "Listas"}}, {"model": "semana.plan", "pk": 5, "fields": {"curso": 1, "nombre": "Arreglos N-Dimensionales"}}, {"model": "semana.plan", "pk": 6, "fields": {"curso": 1, "nombre": "Funciones"}}, {"model": "semana.plan", "pk": 7, "fields": {"curso": 1, "nombre": "Colecciones"}}, {"model": "semana.plan", "pk": 8, "fields": {"curso": 1, "nombre": "Archivos: Entrada/Salida"}}, {"model": "semana.plan", "pk": 9, "fields": {"curso": 1, "nombre": "Procesamiento de Datos"}}, {"model": "semana.plan", "pk": 10, "fields": {"curso": 1, "nombre": "Ex\u00e1menes Anteriores"}}, {"model": "semana.tiporecurso", "pk": 2, "fields": {"nombre": "Video", "icono": "Youtube-icon.png"}}, {"model": "semana.tiporecurso", "pk": 3, "fields": {"nombre": "Diapositivas", "icono": "Slides.png"}}, {"model": "semana.tiporecurso", "pk": 4, "fields": {"nombre": "Taller", "icono": "Programming.png"}}, {"model": "semana.tiporecurso", "pk": 5, "fields": {"nombre": "Ejercicios", "icono": "settings.png"}}, {"model": "semana.tiporecurso", "pk": 6, "fields": {"nombre": "Anexo", "icono": "pencil.png"}}, {"model": "semana.tiporecurso", "pk": 7, "fields": {"nombre": "Examen", "icono": "document512.png"}}, {"model": "semana.recurso", "pk": 1, "fields": {"plan": 1, "tipo": 3, "nombre": "Introducci\u00f3n", "archivo": "01_-_Introduccion.pptx", "url": ""}}, {"model": "semana.recurso", "pk": 2, "fields": {"plan": 1, "tipo": 2, "nombre": "Empezando a Programar", "archivo": "", "url": "https://www.youtube.com/watch?v=Y1HHBXDL9bg"}}, {"model": "semana.recurso", "pk": 3, "fields": {"plan": 1, "tipo": 6, "nombre": "Libro Programaci\u00f3n en Python - Luis Rodr\u00edguez", "archivo": "texto.pdf", "url": ""}}, {"model": "semana.recurso", "pk": 4, "fields": {"plan": 2, "tipo": 3, "nombre": "Variables y Tipos de Datos", "archivo": "02_-_Datos_Variables_Operadores.pdf", "url": ""}}, {"model": "semana.recurso", "pk": 5, "fields": {"plan": 2, "tipo": 3, "nombre": "Manejo de Texto", "archivo": "03_-_Manejo_de_texto.pdf", "url": ""}}, {"model": "semana.recurso", "pk": 6, "fields": {"plan": 2, "tipo": 4, "nombre": "Tipos de Datos y Manejo de Texto", "archivo": "deber01.pdf", "url": ""}}, {"model": "semana.recurso", "pk": 7, "fields": {"plan": 2, "tipo": 2, "nombre": "Variables y Tipos de Datos", "archivo": "", "url": "https://www.youtube.com/watch?v=pvAsqPbz9Ro"}}, {"model": "semana.recurso", "pk": 8, "fields": {"plan": 3, "tipo": 3, "nombre": "Condicionales", "archivo": "04_-_Condicionales.pdf", "url": ""}}, {"model": "semana.recurso", "pk": 9, "fields": {"plan": 3, "tipo": 3, "nombre": "Lazos", "archivo": "05_-_Lazos.pdf", "url": ""}}, {"model": "semana.recurso", "pk": 10, "fields": {"plan": 3, "tipo": 5, "nombre": "Tipos de Datos y Estructuras de Control", "archivo": "Ejercicios_-_Variables_y_tipos_de_datos_y_Estructuras_de_Control.pdf", "url": ""}}, {"model": "semana.recurso", "pk": 11, "fields": {"plan": 3, "tipo": 2, "nombre": "Estructuras de Control", "archivo": "", "url": "https://www.youtube.com/watch?v=pvAsqPbz9Ro"}}, {"model": "semana.recurso", "pk": 12, "fields": {"plan": 4, "tipo": 3, "nombre": "Listas", "archivo": "06_-_Listas.pdf", "url": ""}}, {"model": "semana.recurso", "pk": 13, "fields": {"plan": 4, "tipo": 5, "nombre": "Listas", "archivo": "Ejercicios_-_Listas.pdf", "url": ""}}, {"model": "semana.recurso", "pk": 14, "fields": {"plan": 4, "tipo": 5, "nombre": "Listas y Cadenas de Texto", "archivo": "practica-strings-listas.pdf", "url": ""}}, {"model": "semana.recurso", "pk": 15, "fields": {"plan": 4, "tipo": 4, "nombre": "Listas", "archivo": "Taller_de_Listas.pdf", "url": ""}}, {"model": "semana.recurso", "pk": 16, "fields": {"plan": 4, "tipo": 6, "nombre": "Funciones de Listas y Cadenas de Texto", "archivo": "funciones.pdf", "url": ""}}, {"model": "semana.recurso", "pk": 17, "fields": {"plan": 5, "tipo": 3, "nombre": "Arreglos N-Dimensionales", "archivo": "07_-_Arreglos_n-Dimensionales.pdf", "url": ""}}, {"model": "semana.recurso", "pk": 18, "fields": {"plan": 5, "tipo": 5, "nombre": "Numpy (Parte 1)", "archivo": "ejercicio-numpy.pdf", "url": ""}}, {"model": "semana.recurso", "pk": 19, "fields": {"plan": 5, "tipo": 5, "nombre": "Numpy (Parte 2)", "archivo": "ejercicios.docx", "url": ""}}, {"model": "semana.recurso", "pk": 20, "fields": {"plan": 5, "tipo": 4, "nombre": "Numpy", "archivo": "Taller123.docx", "url": ""}}, {"model": "semana.recurso", "pk": 21, "fields": {"plan": 5, "tipo": 6, "nombre": "Funciones de Numpy", "archivo": "funciones_yCXDA1q.pdf", "url": ""}}, {"model": "semana.recurso", "pk": 22, "fields": {"plan": 5, "tipo": 2, "nombre": "Instalar Numpy", "archivo": "", "url": "https://www.youtube.com/watch?v=6sUgBVi9tc0"}}, {"model": "semana.recurso", "pk": 23, "fields": {"plan": 5, "tipo": 6, "nombre": "Documentaci\u00f3n de Numpy", "archivo": "", "url": "https://docs.scipy.org/doc/"}}, {"model": "semana.recurso", "pk": 24, "fields": {"plan": 6, "tipo": 3, "nombre": "Funciones", "archivo": "08_-_Funciones.pdf", "url": ""}}, {"model": "semana.recurso", "pk": 25, "fields": {"plan": 6, "tipo": 5, "nombre": "Funciones", "archivo": "ejercicios_ynbcE5n.docx", "url": ""}}, {"model": "semana.recurso", "pk": 26, "fields": {"plan": 6, "tipo": 4, "nombre": "Funciones - Taller 1", "archivo": "taller1.pdf", "url": ""}}, {"model": "semana.recurso", "pk": 27, "fields": {"plan": 6, "tipo": 4, "nombre": "Funciones - Taller 2", "archivo": "taller2.pdf", "url": ""}}, {"model": "semana.recurso", "pk": 28, "fields": {"plan": 7, "tipo": 3, "nombre": "Colecciones", "archivo": "diapos.pdf", "url": ""}}, {"model": "semana.recurso", "pk": 29, "fields": {"plan": 7, "tipo": 5, "nombre": "Colecciones (Parte 1)", "archivo": "ejercicios1.docx", "url": ""}}, {"model": "semana.recurso", "pk": 30, "fields": {"plan": 7, "tipo": 5, "nombre": "Colecciones (Parte 2)", "archivo": "ejercicios2.docx", "url": ""}}, {"model": "semana.recurso", "pk": 31, "fields": {"plan": 7, "tipo": 4, "nombre": "Colecciones", "archivo": "taller1_JkjeemO.pdf", "url": ""}}, {"model": "semana.recurso", "pk": 32, "fields": {"plan": 7, "tipo": 6, "nombre": "Funciones de Colecciones", "archivo": "funciones_F1C1qrO.pdf", "url": ""}}, {"model": "semana.recurso", "pk": 33, "fields": {"plan": 8, "tipo": 3, "nombre": "Archivos", "archivo": "10_-_Archivos.pdf", "url": ""}}, {"model": "semana.recurso", "pk": 34, "fields": {"plan": 8, "tipo": 5, "nombre": "Archivos (Parte 1)", "archivo": "ejercicios1_KZSaX83.docx", "url": ""}}, {"model": "semana.recurso", "pk": 35, "fields": {"plan": 8, "tipo": 5, "nombre": "Archivos (Parte 2)", "archivo": "ejercicios2_vEmxTNd.docx", "url": ""}}, {"model": "semana.recurso", "pk": 36, "fields": {"plan": 8, "tipo": 5, "nombre": "Archivos (Parte 3)", "archivo": "ejercicios3.docx", "url": ""}}, {"model": "semana.recurso", "pk": 37, "fields": {"plan": 8, "tipo": 4, "nombre": "Archivos", "archivo": "taller1_BZR2HLK.pdf", "url": ""}}, {"model": "semana.recurso", "pk": 38, "fields": {"plan": 9, "tipo": 6, "nombre": "Libreria Pandas", "archivo": "", "url": "http://pandas.pydata.org/"}}, {"model": "semana.recurso", "pk": 39, "fields": {"plan": 9, "tipo": 6, "nombre": "Documentaci\u00f3n de Pandas", "archivo": "", "url": "http://pandas.pydata.org/pandas-docs/stable/"}}, {"model": "semana.recurso", "pk": 40, "fields": {"plan": 9, "tipo": 2, "nombre": "Importancia de An\u00e1lisis de Datos", "archivo": "", "url": "https://www.youtube.com/watch?v=6jDjeNJrN14"}}, {"model": "semana.recurso", "pk": 41, "fields": {"plan": 10, "tipo": 7, "nombre": "2do T\u00e9rmino 2015 - Segundo Parcial", "archivo": "2doP-2015-2.PDF", "url": ""}}, {"model": "semana.recurso", "pk": 42, "fields": {"plan": 10, "tipo": 7, "nombre": "1er T\u00e9rmino 2016 - Primer Parcial", "archivo": "1erP-2016-1.pdf", "url": ""}}, {"model": "semana.recurso", "pk": 43, "fields": {"plan": 10, "tipo": 7, "nombre": "2do T\u00e9rmino 2016 - Primer Parcial", "archivo": "1erP-2016-2.pdf", "url": ""}}, {"model": "semana.recurso", "pk": 44, "fields": {"plan": 1, "tipo": 3, "nombre": "adsadsad", "archivo": "Taller_de_Listas_nbjWIl3.pdf", "url": ""}}, {"model": "equipo.coordinadores", "pk": 1, "fields": {"nombre": "Rafael Bonilla", "foto_archivo": "", "foto_url": "https://www.fiec.espol.edu.ec/sites/fiec.espol.edu.ec/files/rafael%20bonilla.jpg", "correo": "rabonilla@espol.edu.ec"}}, {"model": "equipo.profesores", "pk": 1, "fields": {"nombre": "Allan Avenda\u00f1o", "foto_archivo": "", "foto_url": "https://www.fiec.espol.edu.ec/sites/fiec.espol.edu.ec/files/no-avatar_2.jpg", "correo": "aavendan@espol.edu.ec"}}, {"model": "equipo.profesores", "pk": 2, "fields": {"nombre": "Ana Tapia", "foto_archivo": "", "foto_url": "https://www.fiec.espol.edu.ec/sites/fiec.espol.edu.ec/files/ana%20tapia.jpg", "correo": "atapia@fiec.espol.edu.ec"}}, {"model": "equipo.profesores", "pk": 3, "fields": {"nombre": "\u00c1ngela Carrera", "foto_archivo": "", "foto_url": "https://www.fiec.espol.edu.ec/sites/fiec.espol.edu.ec/files/no-avatar_10.jpg", "correo": "acarrera@espol.edu.ec"}}, {"model": "equipo.profesores", "pk": 4, "fields": {"nombre": "Carmen Vaca", "foto_archivo": "", "foto_url": "https://www.fiec.espol.edu.ec/sites/fiec.espol.edu.ec/files/cvaca_0.jpg", "correo": "cvaca@espol.edu.ec"}}, {"model": "equipo.profesores", "pk": 5, "fields": {"nombre": "Cruz Mar\u00eda Falcones", "foto_archivo": "", "foto_url": "https://www.fiec.espol.edu.ec/sites/fiec.espol.edu.ec/files/cruz%20falcones.jpg", "correo": "cfalcone@espol.edu.ec"}}, {"model": "equipo.profesores", "pk": 6, "fields": {"nombre": "Dalton Noboa", "foto_archivo": "", "foto_url": "https://www.fiec.espol.edu.ec/sites/fiec.espol.edu.ec/files/no-avatar_10.jpg", "correo": "dgnoboa@espol.edu.ec"}}, {"model": "equipo.profesores", "pk": 7, "fields": {"nombre": "Edison Del Rosario", "foto_archivo": "", "foto_url": "https://www.fiec.espol.edu.ec/sites/fiec.espol.edu.ec/files/erosario.jpg", "correo": "edelros@espol.edu.ec"}}, {"model": "equipo.profesores", "pk": 8, "fields": {"nombre": "Eduardo Cruz", "foto_archivo": "", "foto_url": "https://www.fiec.espol.edu.ec/sites/fiec.espol.edu.ec/files/eduardocruz2.jpg", "correo": "escruz@espol.edu.ec"}}, {"model": "equipo.profesores", "pk": 9, "fields": {"nombre": "Eduardo Murillo", "foto_archivo": "", "foto_url": "https://www.fiec.espol.edu.ec/sites/fiec.espol.edu.ec/files/no-avatar_9.jpg", "correo": "emurillo@espol.edu.ec"}}, {"model": "equipo.profesores", "pk": 10, "fields": {"nombre": "Frank Malo", "foto_archivo": "", "foto_url": "https://www.fiec.espol.edu.ec/sites/fiec.espol.edu.ec/files/no-avatar_10.jpg", "correo": "fmalo@espol.edu.ec"}}, {"model": "equipo.profesores", "pk": 11, "fields": {"nombre": "Ginger Saltos", "foto_archivo": "", "foto_url": "https://www.fiec.espol.edu.ec/sites/fiec.espol.edu.ec/files/no-avatar_10.jpg", "correo": "gvsaltos@espol.edu.ec"}}, {"model": "equipo.profesores", "pk": 12, "fields": {"nombre": "Irene Cheung", "foto_archivo": "", "foto_url": "https://www.fiec.espol.edu.ec/sites/fiec.espol.edu.ec/files/no-avatar_5.jpg", "correo": "icheung@espol.edu.ec"}}, {"model": "equipo.profesores", "pk": 13, "fields": {"nombre": "Jorge Magallanes", "foto_archivo": "", "foto_url": "https://www.fiec.espol.edu.ec/sites/fiec.espol.edu.ec/files/jorge%20magallanes.jpg", "correo": "jmagalla@espol.edu.ec"}}, {"model": "equipo.profesores", "pk": 14, "fields": {"nombre": "Jorge Ugarte", "foto_archivo": "", "foto_url": "https://www.fiec.espol.edu.ec/sites/fiec.espol.edu.ec/files/no-avatar_10.jpg", "correo": "gugarte@espol.edu.ec"}}, {"model": "equipo.profesores", "pk": 15, "fields": {"nombre": "Jos\u00e9 Villa", "foto_archivo": "", "foto_url": "https://www.fiec.espol.edu.ec/sites/fiec.espol.edu.ec/files/no-avatar_10.jpg", "correo": "jvilla@espol.edu.ec"}}, {"model": "equipo.profesores", "pk": 16, "fields": {"nombre": "Lorena Carl\u00f3", "foto_archivo": "", "foto_url": "https://www.fiec.espol.edu.ec/sites/fiec.espol.edu.ec/files/lcarlo_0.jpg", "correo": "lcarlo@espol.edu.ec"}}, {"model": "equipo.profesores", "pk": 17, "fields": {"nombre": "Luis Rodriguez", "foto_archivo": "", "foto_url": "https://www.fiec.espol.edu.ec/sites/fiec.espol.edu.ec/files/no-avatar_10.jpg", "correo": "ldrodrig@espol.edu.ec"}}, {"model": "equipo.profesores", "pk": 18, "fields": {"nombre": "Marcos Calder\u00f3n", "foto_archivo": "", "foto_url": "https://www.fiec.espol.edu.ec/sites/fiec.espol.edu.ec/files/mcalderon.jpg", "correo": "ancalder@espol.edu.ec"}}, {"model": "equipo.profesores", "pk": 19, "fields": {"nombre": "Miguel Realpe", "foto_archivo": "", "foto_url": "https://www.fiec.espol.edu.ec/sites/fiec.espol.edu.ec/files/mrealpe_0.jpg", "correo": "mrealpe@espol.edu.ec"}}, {"model": "equipo.profesores", "pk": 20, "fields": {"nombre": "Orlando Zambrano", "foto_archivo": "", "foto_url": "https://www.fiec.espol.edu.ec/sites/fiec.espol.edu.ec/files/orlando%20zambrano.jpg", "correo": "oezambra@espol.edu.ec"}}, {"model": "equipo.profesores", "pk": 21, "fields": {"nombre": "Roc\u00edo Mera", "foto_archivo": "", "foto_url": "https://www.fiec.espol.edu.ec/sites/fiec.espol.edu.ec/files/no-avatar_10.jpg", "correo": "remera@espol.edu.ec"}}, {"model": "equipo.profesores", "pk": 22, "fields": {"nombre": "Rodrigo Saraguro", "foto_archivo": "", "foto_url": "https://www.fiec.espol.edu.ec/sites/fiec.espol.edu.ec/files/saraguro.jpg", "correo": "rasarag@espol.edu.ec"}}, {"model": "equipo.profesores", "pk": 23, "fields": {"nombre": "Ver\u00f3nica Carrasco", "foto_archivo": "", "foto_url": "https://www.fiec.espol.edu.ec/sites/fiec.espol.edu.ec/files/no-avatar_10.jpg", "correo": "vcarrasc@espol.edu.ec"}}, {"model": "equipo.profesores", "pk": 24, "fields": {"nombre": "Vladimir Pincay", "foto_archivo": "", "foto_url": "https://www.fiec.espol.edu.ec/sites/fiec.espol.edu.ec/files/johnny%20pincay_0.jpg", "correo": "jvpincay@espol.edu.ec"}}, {"model": "equipo.profesores", "pk": 25, "fields": {"nombre": "Wendy Yanez", "foto_archivo": "", "foto_url": "https://www.fiec.espol.edu.ec/sites/fiec.espol.edu.ec/files/pyanez_0.jpg", "correo": "wenpayan@espol.edu.ec"}}, {"model": "ayudantias.ayudantes", "pk": "201302882", "fields": {"nombre": "Jorge Cede\u00f1o", "correo": "jlcedeno@espol.edu.ec"}}, {"model": "ayudantias.ayudantes", "pk": "201304087", "fields": {"nombre": "Emmanuel Mor\u00e1n", "correo": "fnando1995@gmail.com"}}, {"model": "ayudantias.ayudantes", "pk": "201410224", "fields": {"nombre": "Leonardo Kuffo", "correo": "lkuffo@espol.edu.ec"}}, {"model": "ayudantias.ayudantes", "pk": "201410264", "fields": {"nombre": "Galo Castillo", "correo": "gadacast@espol.edu.ec"}}, {"model": "ayudantias.ayudantes", "pk": "201410871", "fields": {"nombre": "Mar\u00eda Bel\u00e9n Guaranda", "correo": "mguarand@espol.edu.ec"}}, {"model": "ayudantias.ayudantes", "pk": "201417433", "fields": {"nombre": "Gerald Gutierrez", "correo": "gerfegut@espol.edu.ec"}}, {"model": "ayudantias.ayudantes", "pk": "201421632", "fields": {"nombre": "Jorge Guerra", "correo": "jiguerra@espol.edu.ec"}}, {"model": "ayudantias.ayudantes", "pk": "N/A", "fields": {"nombre": "Jorge Murillo", "correo": "jorgermurillo@gmail.com"}}, {"model": "ayudantias.apiembed", "pk": "cib", "fields": {"embed": "https://www.google.com/maps/embed?pb=!1m18!1m12!1m3!1d996.7541898114623!2d-79.96663537085175!3d-2.1472693999021666!2m3!1f0!2f0!3f0!3m2!1i1024!2i768!4f13.1!3m3!1m2!1s0x902d7301bd366677%3A0x7fd58f5e574a0451!2sBiblioteca+Central%2C+Avenida+Principal+de+la+ESPOL%2C+Guayaquil!5e0!3m2!1ses!2sec!4v1481757867272"}}, {"model": "ayudantias.apiembed", "pk": "fiec", "fields": {"embed": "https://www.google.com/maps/embed?pb=!1m18!1m12!1m3!1d996.7553965601389!2d-79.96651327085182!3d-2.1454185499022613!2m3!1f0!2f0!3f0!3m2!1i1024!2i768!4f13.1!3m3!1m2!1s0x902d73023ae1ac19%3A0x67b495e9ec56bc5e!2sAulas+de+la+FIEC%2C+Guayaquil!5e0!3m2!1ses!2sec!4v1481734390763"}}, {"model": "ayudantias.apiembed", "pk": "labs", "fields": {"embed": "https://www.google.com/maps/embed?pb=!1m18!1m12!1m3!1d996.7552952472134!2d-79.96738757085174!3d-2.145573999902241!2m3!1f0!2f0!3f0!3m2!1i1024!2i768!4f13.1!3m3!1m2!1s0x902d7303d2b4f74b%3A0xfff0794c7343feea!2sLaboratorios+de+la+FIEC%2C+Guayaquil!5e0!3m2!1ses!2sec!4v1481757903834"}}, {"model": "ayudantias.aulas", "pk": "24A-103", "fields": {"latitud": -2.1453837, "longitud": -79.9661192, "embed": "fiec"}}, {"model": "ayudantias.aulas", "pk": "24A-113", "fields": {"latitud": -2.1453837, "longitud": -79.9661192, "embed": "fiec"}}, {"model": "ayudantias.aulas", "pk": "24A-114", "fields": {"latitud": -2.1453837, "longitud": -79.9661192, "embed": "fiec"}}, {"model": "ayudantias.aulas", "pk": "24A-201", "fields": {"latitud": -2.1453837, "longitud": -79.9661192, "embed": "fiec"}}, {"model": "ayudantias.aulas", "pk": "24A-204", "fields": {"latitud": -2.1453837, "longitud": -79.9661192, "embed": "fiec"}}, {"model": "ayudantias.aulas", "pk": "24A-207", "fields": {"latitud": -2.1453837, "longitud": -79.9661192, "embed": "fiec"}}, {"model": "ayudantias.aulas", "pk": "24A-210", "fields": {"latitud": -2.1453837, "longitud": -79.9661192, "embed": "fiec"}}, {"model": "ayudantias.aulas", "pk": "CIB", "fields": {"latitud": -2.1453837, "longitud": -79.9661192, "embed": "cib"}}, {"model": "ayudantias.aulas", "pk": "Sala de Ayudantes de la FIEC", "fields": {"latitud": -2.1453837, "longitud": -79.9661192, "embed": "fiec"}}, {"model": "ayudantias.aulas", "pk": "SP-01", "fields": {"latitud": -2.1454588, "longitud": -79.9663821, "embed": "fiec"}}, {"model": "ayudantias.ayudantias", "pk": 4, "fields": {"ayudante": "201410264", "aula": "24A-210", "dia": "Lunes", "horaInicio": "14:00:00", "horaFin": "16:00:00"}}, {"model": "ayudantias.ayudantias", "pk": 5, "fields": {"ayudante": "201410264", "aula": "24A-210", "dia": "Miercoles", "horaInicio": "14:00:00", "horaFin": "16:00:00"}}, {"model": "ayudantias.ayudantias", "pk": 6, "fields": {"ayudante": "201410264", "aula": "Sala de Ayudantes de la FIEC", "dia": "Martes", "horaInicio": "10:30:00", "horaFin": "11:30:00"}}, {"model": "ayudantias.ayudantias", "pk": 7, "fields": {"ayudante": "201410264", "aula": "Sala de Ayudantes de la FIEC", "dia": "Jueves", "horaInicio": "10:30:00", "horaFin": "11:30:00"}}, {"model": "ayudantias.ayudantias", "pk": 8, "fields": {"ayudante": "201302882", "aula": "24A-103", "dia": "Martes", "horaInicio": "13:30:00", "horaFin": "17:30:00"}}, {"model": "ayudantias.ayudantias", "pk": 9, "fields": {"ayudante": "201302882", "aula": "Sala de Ayudantes de la FIEC", "dia": "Jueves", "horaInicio": "09:30:00", "horaFin": "10:30:00"}}, {"model": "ayudantias.ayudantias", "pk": 10, "fields": {"ayudante": "201410871", "aula": "24A-207", "dia": "Lunes", "horaInicio": "07:30:00", "horaFin": "09:30:00"}}, {"model": "ayudantias.ayudantias", "pk": 11, "fields": {"ayudante": "201410871", "aula": "24A-113", "dia": "Miercoles", "horaInicio": "07:30:00", "horaFin": "09:30:00"}}, {"model": "ayudantias.ayudantias", "pk": 12, "fields": {"ayudante": "201410871", "aula": "Sala de Ayudantes de la FIEC", "dia": "Viernes", "horaInicio": "11:30:00", "horaFin": "12:30:00"}}, {"model": "ayudantias.ayudantias", "pk": 13, "fields": {"ayudante": "201417433", "aula": "24A-210", "dia": "Viernes", "horaInicio": "07:30:00", "horaFin": "10:30:00"}}, {"model": "ayudantias.ayudantias", "pk": 14, "fields": {"ayudante": "201417433", "aula": "24A-204", "dia": "Martes", "horaInicio": "08:30:00", "horaFin": "09:30:00"}}, {"model": "ayudantias.ayudantias", "pk": 15, "fields": {"ayudante": "201417433", "aula": "CIB", "dia": "Viernes", "horaInicio": "11:30:00", "horaFin": "13:30:00"}}, {"model": "ayudantias.ayudantias", "pk": 16, "fields": {"ayudante": "201304087", "aula": "24A-103", "dia": "Lunes", "horaInicio": "11:30:00", "horaFin": "13:30:00"}}, {"model": "ayudantias.ayudantias", "pk": 17, "fields": {"ayudante": "201304087", "aula": "24A-103", "dia": "Lunes", "horaInicio": "07:30:00", "horaFin": "09:30:00"}}, {"model": "ayudantias.ayudantias", "pk": 18, "fields": {"ayudante": "201304087", "aula": "Sala de Ayudantes de la FIEC", "dia": "Martes", "horaInicio": "07:30:00", "horaFin": "08:30:00"}}, {"model": "ayudantias.ayudantias", "pk": 19, "fields": {"ayudante": "201304087", "aula": "Sala de Ayudantes de la FIEC", "dia": "Jueves", "horaInicio": "07:30:00", "horaFin": "08:30:00"}}, {"model": "ayudantias.ayudantias", "pk": 20, "fields": {"ayudante": "201410224", "aula": "SP-01", "dia": "Martes", "horaInicio": "09:30:00", "horaFin": "11:30:00"}}, {"model": "ayudantias.ayudantias", "pk": 21, "fields": {"ayudante": "201410224", "aula": "24A-204", "dia": "Viernes", "horaInicio": "11:30:00", "horaFin": "14:30:00"}}, {"model": "ayudantias.ayudantias", "pk": 22, "fields": {"ayudante": "N/A", "aula": "24A-114", "dia": "Martes", "horaInicio": "14:00:00", "horaFin": "16:00:00"}}, {"model": "ayudantias.ayudantias", "pk": 23, "fields": {"ayudante": "N/A", "aula": "24A-103", "dia": "Jueves", "horaInicio": "14:00:00", "horaFin": "16:00:00"}}, {"model": "ayudantias.ayudantias", "pk": 24, "fields": {"ayudante": "N/A", "aula": "Sala de Ayudantes de la FIEC", "dia": "Viernes", "horaInicio": "10:00:00", "horaFin": "11:00:00"}}, {"model": "ayudantias.ayudantias", "pk": 25, "fields": {"ayudante": "201421632", "aula": "24A-201", "dia": "Jueves", "horaInicio": "07:30:00", "horaFin": "09:30:00"}}, {"model": "noticias.noticia", "pk": 2, "fields": {"titulo": "Inauguraci\u00f3n del sitio web de Fundamentos de Programaci\u00f3n", "fecha": "2017-02-28", "descripcion": "<p style=\"text-align: center;\"><img style=\"border: 1px solid black;\" src=\"https://edge.alluremedia.com.au/m/k/2016/01/shutterstock-programming.jpg\" alt=\"\" width=\"428\" height=\"280\" /></p>\r\n<p><strong>Lorem ipsum dolor sit amet</strong>, consectetur adipiscing elit. Curabitur eleifend maximus purus non blandit. Sed pharetra ut nulla id lacinia. Orci varius natoque penatibus et magnis dis parturient montes, nascetur ridiculus mus. Duis cursus lectus a turpis cursus vestibulum. <strong>Donec sit amet libero nec felis lobortis ornare ac eget purus</strong>. Nullam ultrices dapibus dolor non cursus. Nulla arcu sapien, congue vel gravida nec, finibus ac ipsum. Pellentesque purus ex, vulputate quis pretium quis, sagittis ac neque. Pellentesque egestas sagittis arcu ut mollis. Donec feugiat sit amet dui vel tempus. Etiam molestie imperdiet justo, sed porta dui tincidunt non. Ut venenatis, enim at faucibus auctor, lectus eros laoreet mi, in porta urna turpis eget neque. Morbi id justo a nibh aliquam mollis a a nisl. Donec congue lectus non purus pulvinar ullamcorper. Sed vel elementum tellus, quis semper urna. Donec fringilla at risus in sagittis.</p>\r\n<table style=\"height: 28px; width: 133px;\" border=\"1\" cellspacing=\"0\" cellpadding=\"0\" align=\"center\">\r\n<tbody>\r\n<tr>\r\n<td>Lorem</td>\r\n<td>Ipsum</td>\r\n</tr>\r\n<tr>\r\n<td>Lorem</td>\r\n<td>Ipsum</td>\r\n</tr>\r\n</tbody>\r\n</table>\r\n<p>&nbsp;</p>\r\n<p>Vivamus mattis mattis elit et semper. Morbi orci nulla, laoreet at mollis ac, accumsan nec lectus. Proin accumsan nulla et enim imperdiet, <strong>sit amet consectetur felis consequat</strong>. Fusce ac facilisis lorem. Aenean efficitur pretium felis, ac aliquam nibh accumsan sed. Suspendisse ornare tempor elementum. Nulla eleifend ornare volutpat. Nam commodo nec neque eu aliquet. Quisque id augue et ipsum tempor dignissim sollicitudin at turpis. Nulla fringilla mauris id felis malesuada tempor. Maecenas porttitor dignissim tempor. Integer vitae ipsum non ex condimentum tempor vitae quis massa.</p>"}}, {"model": "noticias.noticia", "pk": 3, "fields": {"titulo": "Polit\u00e9cnicos plantean soluciones a problemas a trav\u00e9s de innovadores proyectos", "fecha": "2017-03-01", "descripcion": "<div style=\"text-align: justify;\">Alrededor de 568 estudiantes de la ESPOL presentaron 329 proyectos con el prop&oacute;sito de brindar soluciones a problemas reales de la sociedad, durante la <strong>Expo Materia Integradora IDEAR (Crear y Dise&ntilde;ar)</strong>, organizada por el Vicerrectorado Acad&eacute;mico de la ESPOL y el Centro de Promoci&oacute;n de Empleo, Ceproem.</div>\r\n<div style=\"text-align: justify;\">&nbsp;</div>\r\n<div style=\"text-align: justify;\">IDEAR (Crear y Dise&ntilde;ar) es una exposici&oacute;n que se realiza semestralmente en la ESPOL desde 2016, y que permite a los estudiantes de esta Instituci&oacute;n de Educaci&oacute;n Superior presentar a la comunidad los proyectos que desarrollaron durante la materia integradora de final de carrera.</div>\r\n<div style=\"text-align: justify;\">&nbsp;</div>\r\n<div style=\"text-align: justify;\">Esta actividad se desarroll&oacute; el <strong>jueves 23 de febrero en</strong> el Centro de Informaci&oacute;n Bibliotecario, y reuni&oacute; a delegados de varias empresas, adem&aacute;s de representantes de instituciones, invitados y miembros de la comunidad polit&eacute;cnica.</div>\r\n<div style=\"text-align: justify;\">&nbsp;</div>\r\n<div style=\"text-align: justify;\">Vincular al sector empresarial con la academia y dar a conocer el potencial de los estudiantes de la ESPOL para innovar en beneficio del pa&iacute;s motivaron la realizaci&oacute;n de la Expo IDEAR (Crear y Dise&ntilde;ar).</div>\r\n<div style=\"text-align: justify;\">&nbsp;</div>\r\n<div><img style=\"display: block; margin-left: auto; margin-right: auto;\" src=\"https://www.euroresidentes.com/empresa/exito-empresarial/wp-content/uploads/sites/15/2014/04/tipos-innovacion-empresarial.jpg\" alt=\"\" width=\"249\" height=\"187\" /></div>\r\n<div style=\"text-align: justify;\">&nbsp;</div>\r\n<div style=\"text-align: justify;\">Los alumnos de la Facultad de Ingenier&iacute;a en Electricidad y Computaci&oacute;n, <strong>Juan Eduardo Garc&iacute;a</strong> y <strong>Diana Panchana</strong>, presentaron un <strong>Sistema de identificaci&oacute;n de placas vehiculares</strong> que incorpora un software de control 70% asertivo para obtener informaci&oacute;n de la marca, modelo y color de los veh&iacute;culos.</div>\r\n<div style=\"text-align: justify;\">&nbsp;</div>\r\n<div style=\"text-align: justify;\"><strong>Cristina Ram&iacute;rez</strong>, estudiante de la carrera de Dise&ntilde;o Web y Multimedia de la Escuela de Dise&ntilde;o y Comunicaci&oacute;n Visual, expuso la creaci&oacute;n de <strong>interfaces digitales para la adopci&oacute;n de mascotas</strong>. La agilidad de los servicios y la interacci&oacute;n con los usuarios son las caracter&iacute;sticas principales de esta propuesta.</div>\r\n<div style=\"text-align: justify;\">&nbsp;</div>\r\n<div style=\"text-align: justify;\">En otra &aacute;rea, los estudiantes de la Facultad de Ingenier&iacute;a Mec&aacute;nica y Ciencias de la Producci&oacute;n, <strong>Abraham Pl&uacute;as</strong> y <strong>Adriano Osorio</strong>, expusieron un banco de pruebas para evaluar la r<strong>esistencia de los materiales durante incendios</strong>. Los polit&eacute;cnicos explicaron que estos equipos no se fabrican en Ecuador y que en el extranjero cuestan alrededor de 1 200 d&oacute;lares, pero que ellos lograron reproducir uno por un tercio de ese valor.</div>\r\n<div style=\"text-align: justify;\">&nbsp;</div>\r\n<div style=\"text-align: justify;\">En el proyecto &ldquo;An&aacute;lisis de Respuesta S&iacute;smica y Potencial de Licuaci&oacute;n de la Parroquia Tarqui Manta posterior al terremoto 2016&rdquo; trabajaron <strong>Roberto Ant&oacute;n</strong> y <strong>&Aacute;lvaro Avil&eacute;s</strong>, alumnos de la Facultad de Ingenier&iacute;a en Ciencias de la Tierra. Ellos realizaron un modelo emp&iacute;rico-matem&aacute;tico para zonificar las &aacute;reas de mayor intensidad de licuefacci&oacute;n y proponer soluciones geot&eacute;cnicas para construir edificaciones resistentes a terremotos.</div>\r\n<div style=\"text-align: justify;\">&nbsp;</div>\r\n<div style=\"text-align: justify;\">Los Estudiantes de la Facultad de Ciencias Sociales y Human&iacute;sticas, desarrollaron modelos de negocios en beneficio de los damnificados del terremoto ocurrido el 16 de abril de 2016. El presidente de la ONG Manab&iacute; Camella, Yayo Rivadeneira, coment&oacute; que la organizaci&oacute;n que preside conseguir&aacute; inversionistas para la implementaci&oacute;n de los mismos en las zonas afectadas por el sismo.</div>"}}, {"model": "noticias.noticia", "pk": 4, "fields": {"titulo": "Cient\u00edficos de la Universidad de Gante recorrieron el campus de la ESPOL", "fecha": "2017-03-01", "descripcion": "<p><img src=\"http://noticias.espol.edu.ec/sites/default/files/main/articles/universidad%20gante.jpg\" alt=\"\" width=\"585\" height=\"234\" /></p>\r\n<p class=\"p1\" style=\"text-align: justify;\">Una delegaci&oacute;n de investigadores y docentes de la Universidad de Gante (B&eacute;lgica), liderada por la rectora Anne De Paepe, recorri&oacute; el campus Gustavo Galindo Velasco de la ESPOL, en el marco y como cierre del Primer Simposio Internacional de Biodescubrimiento y Gesti&oacute;n de Recursos H&iacute;dricos, que se realiz&oacute; en la Escuela Polit&eacute;cnica Nacional, EPN en Quito, del 30 de enero al 1 de febrero.</p>\r\n<p class=\"p1\" style=\"text-align: justify;\">Durante el simposio se presentaron los resultados de las investigaciones de la primera cohorte de los programas de Maestr&iacute;a en Biociencias Aplicadas y en Ciencias de la Ingenier&iacute;a para la Gesti&oacute;n de los Recursos H&iacute;dricos, del programa VLIR Network Ecuador, red interuniversitaria integrada por ESPOL, EPN, Universidad T&eacute;cnica del Norte y Universidad de Cuenca.</p>\r\n<p class=\"p1\" style=\"text-align: justify;\">La cita acad&eacute;mica cont&oacute; con la presentaci&oacute;n de 40 conferencias, 15 p&oacute;sters cient&iacute;ficos y la participaci&oacute;n de expertos de universidades de B&eacute;lgica, Francia, Espa&ntilde;a y Ecuador.</p>\r\n<p class=\"p1\" style=\"text-align: justify;\">Desde la Universidad de Gante, la Rectora Anne De Paepe y el Director Acad&eacute;mico para la Internacionalizaci&oacute;n, Guido Van Huylenbroeck junto a otros cient&iacute;ficos y docentes, recorrieron y conocieron el Centro de Tecnolog&iacute;as de Informaci&oacute;n, CTI; el Centro de Investigaciones Biotecnol&oacute;gicas del Ecuador, CIBE; y laboratorios de la Facultad de Ingenier&iacute;a Mar&iacute;tima, Ciencias Biol&oacute;gicas, Oce&aacute;nicas y Recursos Naturales, FIMCBOR; luego se reunieron con el rector Sergio Flores Mac&iacute;as y la Vicerrectora Acad&eacute;mica, Cecilia Paredes Verduga, en la sala de Consejo Polit&eacute;cnico.</p>\r\n<p class=\"p1\" style=\"text-align: justify;\">El decano de la Facultad de Ciencias de la Vida, Ram&oacute;n Espinel, acompa&ntilde;&oacute; a la delegaci&oacute;n belga durante el recorrido. &ldquo;Esta visita ha servido para que los colegas-profesores de la Universidad de Gante, as&iacute; como sus directivos, tengan contacto m&aacute;s directo con Ecuador&rdquo;, agreg&oacute;.</p>\r\n<p class=\"p1\" style=\"text-align: justify;\">Ram&oacute;n Espinel destac&oacute; la s&oacute;lida relaci&oacute;n con la Universidad de Gante como parte del programa VLIR que ESPOL mantiene desde hace diez a&ntilde;os con las universidades flamencas. Resalt&oacute; la preparaci&oacute;n en maestr&iacute;as y doctorados de estudiantes polit&eacute;cnicos; as&iacute; como el intercambio de investigadores y profesores entre ambas instituciones. &ldquo;Ahora mismo estamos desarrollando un proyecto de investigaci&oacute;n sobre el tema del Cadmiun y el Cacao, que involucra a tres universidades: Gante, Lovaina y Florida (EE.UU.) bajo la coordinaci&oacute;n de ESPOL con organismos internacionales como el centro Internacional de Econom&iacute;a Tropical&rdquo;, puntualiz&oacute;.</p>\r\n<p class=\"p1\" style=\"text-align: justify;\">La jornada finaliz&oacute; con un encuentro entre exalumnos de la Universidad de Gante, en la Facultad de Ingenier&iacute;a en Electricidad y Computaci&oacute;n, FIEC, luego del cual, los visitantes extranjeros recorrieron puntos de inter&eacute;s y atractivos tur&iacute;sticos de Guayaquil.</p>"}}, {"model": "noticias.noticia", "pk": 5, "fields": {"titulo": "Editores de texto para programadores exigentes", "fecha": "2017-03-01", "descripcion": "<p><img src=\"https://i2.wp.com/hipertextual.com/files/2017/01/code-coding-computer-data.jpeg?resize=670%2C413&amp;ssl=1\" alt=\"\" width=\"587\" height=\"362\" />&nbsp;</p>\r\n<p>&nbsp;</p>\r\n<p>Toda tarea de cierta complejidad requiere de&nbsp;<strong>una herramienta especializada</strong>&nbsp;que permita trabajar sin distracciones, de manera &aacute;gil e inteligente y evitando cualquier problema o error posible.</p>\r\n<p>&nbsp;</p>\r\n<p>En el caso del desarrollo o de la programaci&oacute;n de programas, apps m&oacute;viles o sitios web, contar con un buen aliado donde&nbsp;<strong>teclear y guardar el c&oacute;digo</strong>&nbsp;se hace indispensable. Hay muchos&nbsp;<a href=\"https://hipertextual.com/archivo/2014/09/editores-codigo-mas-versatiles/\">editores de texto para programadores</a>, y en el pasado hemos visto&nbsp;<a href=\"https://hipertextual.com/2015/05/software-libre-para-programar-en-windows\">algunos de ellos</a>, como Atom, Vim o Notepad++. Pero la lista es interminable.</p>\r\n<p>&nbsp;</p>\r\n<p><strong><span style=\"font-size: 1.5em; text-align: justify;\">Requisitos de un buen editor</span></strong></p>\r\n<p style=\"text-align: justify;\">&iquest;<strong>Qu&eacute; se le puede pedir</strong>&nbsp;a los editores de texto para programadores para considerarlos recomendables? Primero, que permitan&nbsp;<strong>programar en cualquiera de los lenguajes</strong>&nbsp;habituales hoy en d&iacute;a. S&iacute;, cualquier editor admite cualquier tipo de c&oacute;digo, pero se trata de que el editor resalte el c&oacute;digo en colores para facilitar la b&uacute;squeda de una l&iacute;nea espec&iacute;fica y, a ser posible, que avise de&nbsp;<strong>errores de sintaxis</strong>.</p>\r\n<p style=\"text-align: justify;\">Por otro lado, es habitual&nbsp;<strong>trabajar con varios archivos a la vez</strong>. De ah&iacute; que un buen editor de texto para programar facilite pasar de un fichero a otro, bien con un panel donde liste esos archivos o con pesta&ntilde;as.</p>\r\n<p style=\"text-align: justify;\">Otras funciones deseables son la posibilidad de&nbsp;<strong>compilar el c&oacute;digo</strong>&nbsp;directamente desde el editor de texto y revisar que el c&oacute;digo sea correcto y no contenga fallos.</p>\r\n<p style=\"text-align: justify;\">A partir de esta lista de deseos, veamos algunos editores de texto para programadores no tan populares como los anteriores pero que hacen m&eacute;ritos por&nbsp;<strong>convertirse en una alternativa a tener en cuenta</strong>&nbsp;por cualquier desarrollador o programador exigente.</p>\r\n<h2 style=\"text-align: justify;\">EmEditor</h2>\r\n<p style=\"text-align: justify;\">Empezamos esta lista con&nbsp;<a href=\"https://www.emeditor.com/\">EmEditor</a>, un editor de texto todoterreno, disponible para Windows y que sirve para muchas tareas. En lo que nos ata&ntilde;e, la programaci&oacute;n, ofrece las funciones imprescindibles, como&nbsp;<strong>resaltado de sintaxis</strong>, comparador de documentos, expresiones regulares y otras no tan comunes.</p>\r\n<p style=\"text-align: justify;\">EmEditor permite&nbsp;<strong>trabajar con archivos grandes</strong>&nbsp;(ideal para proyectos de gran envergadura), macros preconfiguradas para automatizar tareas, mejoras de sus funciones mediante plugins y&nbsp;<strong>compatibilidad con herramientas externas</strong>&nbsp;como navegadores web, la l&iacute;nea de comandos o herramientas espec&iacute;ficas para validar c&oacute;digo o compilarlo.</p>\r\n<h2 style=\"text-align: justify;\">Komodo Edit</h2>\r\n<p style=\"text-align: justify;\">Con varios a&ntilde;os a sus espaldas,&nbsp;<a href=\"https://www.activestate.com/komodo-ide/downloads/edit\">Komodo Edit</a>&nbsp;es tambi&eacute;n&nbsp;<strong>una buena herramienta de trabajo</strong>&nbsp;para programar. Disponible para Windows, Mac y Linux, viene en varias versiones, una gratuita y varias de pago seg&uacute;n tus necesidades y requisitos t&eacute;cnicos.</p>\r\n<p style=\"text-align: justify;\">Aunque su dise&ntilde;o inicial era para&nbsp;<strong>programadores web</strong>&nbsp;(HTML, CSS, XML, PHP, JavaScript), Komodo Edit lidia sin problemas con Ajax, Perl, Python, Ruby, TCL y otros lenguajes de programaci&oacute;n, gracias a que est&aacute; basado en los c&oacute;digos fuente de Mozilla y Scintilla.</p>\r\n<p style=\"text-align: justify;\">Al igual que EmEditor, es mejorable mediante plugins, y adem&aacute;s&nbsp;<strong>admite macros</strong>&nbsp;para automatizar tareas. A esto hay que a&ntilde;adir que se integra a la perfecci&oacute;n con&nbsp;<a href=\"https://www.activestate.com/komodo-ide\">Komodo IDE</a>, un entorno de desarrollo que permite buscar errores e incompatibilidades en el c&oacute;digo, entre otras muchas funciones.</p>\r\n<h2 style=\"text-align: justify;\">Lime Text</h2>\r\n<p style=\"text-align: justify;\">Al abrir Lime Text te recordar&aacute; a Sublime Text, uno de los editores de texto para programadores m&aacute;s populares.</p>\r\n<p style=\"text-align: justify;\">Lime Text es un&nbsp;<em>fork</em>&nbsp;o derivado que ofrece la&nbsp;<strong>simplicidad y elegancia</strong>&nbsp;de Sublime Text adem&aacute;s de resaltado de sintaxis, posibilidad de trabajar con varios documentos a la vez mediante paneles y pesta&ntilde;as, soporte para varios lenguajes de programaci&oacute;n, etc.</p>\r\n<p style=\"text-align: justify;\">Lamentablemente,&nbsp;<strong>no tiene una versi&oacute;n instalable</strong>, sino que tendr&aacute;s que crear t&uacute; mismo el ejecutable en Windows, Mac o Linux&nbsp;<a href=\"https://github.com/limetext/lime/wiki/Building\">siguiendo las instrucciones</a>&nbsp;de su wiki oficial. Sin embargo, puedes colaborar con el proyecto enviando tus sugerencias o trabajando en sus mejoras.</p>\r\n<h2 style=\"text-align: justify;\">PSPad</h2>\r\n<p style=\"text-align: justify;\">Disponible para Windows,&nbsp;<a href=\"http://www.pspad.com/es/\">PSPad</a>&nbsp;es un pr&aacute;ctico editor de texto para varios prop&oacute;sitos pero que cuenta con&nbsp;<strong>herramientas de programaci&oacute;n</strong>&nbsp;como las que hemos visto anteriormente.</p>\r\n<p style=\"text-align: justify;\">Adem&aacute;s de resaltar la sintaxis del c&oacute;digo, ofrece una&nbsp;<a href=\"http://www.pspad.com/es/pspad-extensions.php\">lista de extensiones</a>&nbsp;para a&ntilde;adir compatibilidad con otros lenguajes como JavaScript o PHP y que a&ntilde;aden funciones nuevas.</p>\r\n<p style=\"text-align: justify;\">PSPad es muy pr&aacute;ctico para trabajar con varios archivos a la vez mediante pesta&ntilde;as, tiene&nbsp;<strong>soporte FTP</strong>&nbsp;integrado y muestra errores en l&iacute;neas de c&oacute;digo. Adem&aacute;s, cuenta con un potente buscador para no perder ning&uacute;n detalle.</p>\r\n<h2 style=\"text-align: justify;\">Neovim</h2>\r\n<p style=\"text-align: justify;\">Vim es un cl&aacute;sico de la programaci&oacute;n. &iquest;Por qu&eacute; no darle un empuj&oacute;n? De ah&iacute; surge Neovim, una versi&oacute;n enriquecida&nbsp;<strong>mediante plugins</strong>&nbsp;y con un emulador de terminal integrado.</p>\r\n<p style=\"text-align: justify;\">En Neovim encontrar&aacute;s las ventajas de Vim as&iacute; como mejoras, como la facilidad de crear scripts y&nbsp;<strong>automatizar tareas</strong>.</p>\r\n<p style=\"text-align: justify;\">Al igual que ocurre con Lime Text, Neovim es un proyecto vivo que carece de instalador, por lo que necesitar&aacute;s hacerlo mediante l&iacute;nea de comandos&nbsp;<a href=\"https://github.com/neovim/neovim/wiki/Installing-Neovim\">siguiendo las instrucciones</a>.</p>"}}, {"model": "noticias.noticia", "pk": 6, "fields": {"titulo": "\u00bfEspacios o tabulaciones? La serie Silicon Valley reabre el eterno debate", "fecha": "2017-03-01", "descripcion": "<p style=\"text-align: justify;\">Silicon Valley es&nbsp;<strong>una de las series de moda de HBO</strong>. Su historia narra las aventuras de &ldquo;El Flautista&rdquo;, una empresa de compresi&oacute;n que nace en el seno de Silicon Valley, la cuna del emprendimiento tecnol&oacute;gico del mundo.</p>\r\n<p style=\"text-align: justify;\">A lo largo de sus tres temporadas,&nbsp;<strong>los protagonistas se enfrentan a diversos retos y situaciones que reflejan fielmente lo que sucede en Silicon Valley d&iacute;a tras d&iacute;a</strong>. Una de esas situaciones es el recurrente debate entre el uso de espacios y tabulaciones en la programaci&oacute;n. En la serie de HBO, Richard Hendrix, sus empleados y una amiga conocida como Winnie mantienen una serie de discusiones respecto a este debate tan com&uacute;n en Silicon Valley y en otros entornos tecnol&oacute;gicos.</p>\r\n<p style=\"text-align: justify;\"><span><cite>Las tabulaciones y los espacios se utilizan en la programaci&oacute;n con dos objetivos: mejorar la est&eacute;tica del c&oacute;digo y mejorar la legibilidad y comprensi&oacute;n del mismo</cite></span></p>\r\n<p style=\"text-align: justify;\"><span>Los espacios y las tabulaciones&nbsp;</span><strong>son utilizados por los programadores para estructurar el c&oacute;digo de una forma determinada</strong><span>. La primera l&iacute;nea de c&oacute;digo (sin espacio o tabulaci&oacute;n) inicia un &ldquo;bloque&rdquo; de contenido. Si las sucesivas l&iacute;neas de c&oacute;digo forman parte de ese mismo bloque (encerrado entre corchetes) o forman nuevos sub-bloques, estas se van desplazando hacia la derecha para indicar esa subordinaci&oacute;n. En caso de formar un bloque completamente nuevo, se mantiene en la misma posici&oacute;n que la l&iacute;nea inmediatamente anterior.</span></p>\r\n<p style=\"text-align: justify;\"><span><img src=\"https://i2.wp.com/hipertextual.com/files/2016/07/Codigo-Hipertextual.png?resize=610%2C143&amp;ssl=1\" alt=\"\" width=\"610\" height=\"143\" /></span></p>\r\n<p style=\"text-align: justify;\">A nivel funcional,&nbsp;<strong>la diferencia entre el uso de espacios o tabulaciones es nula.</strong>&nbsp;Cuando el c&oacute;digo pasa por el compilador antes de ser ejecutado, la m&aacute;quina interpreta de igual forma ambos formatos. No obstante, s&iacute; existen diferencias t&eacute;cnicas que marcan la diferencia entre el uso de tabulaciones y espacios:</p>\r\n<ul style=\"text-align: justify;\">\r\n<li>\r\n<p><strong>Precisi&oacute;n.</strong>&nbsp;Una tabulaci&oacute;n no es m&aacute;s que un conjunto de espacios agrupados. Por norma general, este conjunto suele ser de 8 caracteres, pero puede variar. &iquest;Qu&eacute; quiere decir esto? Que cuando un mismo fichero de c&oacute;digo se abre en dos m&aacute;quinas diferentes, la apariencia del c&oacute;digo puede ser diferente. En cambio, el uso de espacios no conlleva este problema: un espacio siempre ocupa el mismo &ldquo;espacio&rdquo; &mdash;valga la redundancia&mdash; y asegura que el c&oacute;digo se visualiza de la misma forma en todas las m&aacute;quinas.</p>\r\n</li>\r\n<li>\r\n<p><strong>Comodidad.</strong>&nbsp;En el caso de las tabulaciones, basta con pulsar la tecla de tabulaci&oacute;n una &uacute;nica vez para estructurar correctamente el c&oacute;digo. En el caso de los espacios, es necesario pulsar varias veces la misma tecla para lograr la estructura deseada.</p>\r\n</li>\r\n<li>\r\n<p><strong>Almacenamiento.</strong>&nbsp;El uso de tabulaciones tambi&eacute;n reduce el tama&ntilde;o el fichero final, mientras que el uso de espacios lo aumenta. Lo mismo suceder&iacute;a con el uso de espacios en lugar de saltos de l&iacute;nea.</p>\r\n</li>\r\n</ul>\r\n<p style=\"text-align: justify;\">Entonces, &iquest;cu&aacute;l es la m&aacute;s correcta?&nbsp;<strong>La realidad es que todo depende de las preferencias personales.</strong>&nbsp;Si necesitas optimizar el tama&ntilde;o de los ficheros al m&aacute;ximo &mdash;como en el caso de &ldquo;El Flautista&rdquo;&mdash;, el uso de espacios se convierte en un sacrilegio. Si, en cambio, tu c&oacute;digo debe lucir exactamente igual en m&uacute;ltiples m&aacute;quinas, el uso de espacios puede ser m&aacute;s conveniente para lograr esa homogeneidad.</p>\r\n<p style=\"text-align: justify;\">Por suerte,&nbsp;<strong>existen m&uacute;ltiples editores en la actualidad que trabajan y facilitan la transici&oacute;n entre ambos sistemas.</strong>&nbsp;Asimismo, los equipos de desarrollo de software establecen en sus&nbsp;<em>guidelines</em>&nbsp;el uso de espacios o tabulaciones, tal y como podemos ver en Silicon Valley. De esta forma, se evitan conflictos entre los programadores de una misma empresa y se alcanza esa homogeneidad tan deseada.</p>"}}, {"model": "auth.permission", "pk": 1, "fields": {"name": "Can add log entry", "content_type": 1, "codename": "add_logentry"}}, {"model": "auth.permission", "pk": 2, "fields": {"name": "Can change log entry", "content_type": 1, "codename": "change_logentry"}}, {"model": "auth.permission", "pk": 3, "fields": {"name": "Can delete log entry", "content_type": 1, "codename": "delete_logentry"}}, {"model": "auth.permission", "pk": 4, "fields": {"name": "Can add permission", "content_type": 2, "codename": "add_permission"}}, {"model": "auth.permission", "pk": 5, "fields": {"name": "Can change permission", "content_type": 2, "codename": "change_permission"}}, {"model": "auth.permission", "pk": 6, "fields": {"name": "Can delete permission", "content_type": 2, "codename": "delete_permission"}}, {"model": "auth.permission", "pk": 7, "fields": {"name": "Can add group", "content_type": 3, "codename": "add_group"}}, {"model": "auth.permission", "pk": 8, "fields": {"name": "Can change group", "content_type": 3, "codename": "change_group"}}, {"model": "auth.permission", "pk": 9, "fields": {"name": "Can delete group", "content_type": 3, "codename": "delete_group"}}, {"model": "auth.permission", "pk": 10, "fields": {"name": "Can add user", "content_type": 4, "codename": "add_user"}}, {"model": "auth.permission", "pk": 11, "fields": {"name": "Can change user", "content_type": 4, "codename": "change_user"}}, {"model": "auth.permission", "pk": 12, "fields": {"name": "Can delete user", "content_type": 4, "codename": "delete_user"}}, {"model": "auth.permission", "pk": 13, "fields": {"name": "Can add content type", "content_type": 5, "codename": "add_contenttype"}}, {"model": "auth.permission", "pk": 14, "fields": {"name": "Can change content type", "content_type": 5, "codename": "change_contenttype"}}, {"model": "auth.permission", "pk": 15, "fields": {"name": "Can delete content type", "content_type": 5, "codename": "delete_contenttype"}}, {"model": "auth.permission", "pk": 16, "fields": {"name": "Can add session", "content_type": 6, "codename": "add_session"}}, {"model": "auth.permission", "pk": 17, "fields": {"name": "Can change session", "content_type": 6, "codename": "change_session"}}, {"model": "auth.permission", "pk": 18, "fields": {"name": "Can delete session", "content_type": 6, "codename": "delete_session"}}, {"model": "auth.permission", "pk": 19, "fields": {"name": "Can add seccion", "content_type": 7, "codename": "add_seccion"}}, {"model": "auth.permission", "pk": 20, "fields": {"name": "Can change seccion", "content_type": 7, "codename": "change_seccion"}}, {"model": "auth.permission", "pk": 21, "fields": {"name": "Can delete seccion", "content_type": 7, "codename": "delete_seccion"}}, {"model": "auth.permission", "pk": 22, "fields": {"name": "Can add curso", "content_type": 8, "codename": "add_curso"}}, {"model": "auth.permission", "pk": 23, "fields": {"name": "Can change curso", "content_type": 8, "codename": "change_curso"}}, {"model": "auth.permission", "pk": 24, "fields": {"name": "Can delete curso", "content_type": 8, "codename": "delete_curso"}}, {"model": "auth.permission", "pk": 25, "fields": {"name": "Can add tipo recurso", "content_type": 9, "codename": "add_tiporecurso"}}, {"model": "auth.permission", "pk": 26, "fields": {"name": "Can change tipo recurso", "content_type": 9, "codename": "change_tiporecurso"}}, {"model": "auth.permission", "pk": 27, "fields": {"name": "Can delete tipo recurso", "content_type": 9, "codename": "delete_tiporecurso"}}, {"model": "auth.permission", "pk": 28, "fields": {"name": "Can add recurso", "content_type": 10, "codename": "add_recurso"}}, {"model": "auth.permission", "pk": 29, "fields": {"name": "Can change recurso", "content_type": 10, "codename": "change_recurso"}}, {"model": "auth.permission", "pk": 30, "fields": {"name": "Can delete recurso", "content_type": 10, "codename": "delete_recurso"}}, {"model": "auth.permission", "pk": 31, "fields": {"name": "Can add curso", "content_type": 11, "codename": "add_curso"}}, {"model": "auth.permission", "pk": 32, "fields": {"name": "Can change curso", "content_type": 11, "codename": "change_curso"}}, {"model": "auth.permission", "pk": 33, "fields": {"name": "Can delete curso", "content_type": 11, "codename": "delete_curso"}}, {"model": "auth.permission", "pk": 34, "fields": {"name": "Can add plan", "content_type": 12, "codename": "add_plan"}}, {"model": "auth.permission", "pk": 35, "fields": {"name": "Can change plan", "content_type": 12, "codename": "change_plan"}}, {"model": "auth.permission", "pk": 36, "fields": {"name": "Can delete plan", "content_type": 12, "codename": "delete_plan"}}, {"model": "auth.permission", "pk": 37, "fields": {"name": "Can add coordinadores", "content_type": 13, "codename": "add_coordinadores"}}, {"model": "auth.permission", "pk": 38, "fields": {"name": "Can change coordinadores", "content_type": 13, "codename": "change_coordinadores"}}, {"model": "auth.permission", "pk": 39, "fields": {"name": "Can delete coordinadores", "content_type": 13, "codename": "delete_coordinadores"}}, {"model": "auth.permission", "pk": 40, "fields": {"name": "Can add profesores", "content_type": 14, "codename": "add_profesores"}}, {"model": "auth.permission", "pk": 41, "fields": {"name": "Can change profesores", "content_type": 14, "codename": "change_profesores"}}, {"model": "auth.permission", "pk": 42, "fields": {"name": "Can delete profesores", "content_type": 14, "codename": "delete_profesores"}}, {"model": "auth.permission", "pk": 43, "fields": {"name": "Can add aulas", "content_type": 15, "codename": "add_aulas"}}, {"model": "auth.permission", "pk": 44, "fields": {"name": "Can change aulas", "content_type": 15, "codename": "change_aulas"}}, {"model": "auth.permission", "pk": 45, "fields": {"name": "Can delete aulas", "content_type": 15, "codename": "delete_aulas"}}, {"model": "auth.permission", "pk": 46, "fields": {"name": "Can add ayudantes", "content_type": 16, "codename": "add_ayudantes"}}, {"model": "auth.permission", "pk": 47, "fields": {"name": "Can change ayudantes", "content_type": 16, "codename": "change_ayudantes"}}, {"model": "auth.permission", "pk": 48, "fields": {"name": "Can delete ayudantes", "content_type": 16, "codename": "delete_ayudantes"}}, {"model": "auth.permission", "pk": 49, "fields": {"name": "Can add ayudantias", "content_type": 17, "codename": "add_ayudantias"}}, {"model": "auth.permission", "pk": 50, "fields": {"name": "Can change ayudantias", "content_type": 17, "codename": "change_ayudantias"}}, {"model": "auth.permission", "pk": 51, "fields": {"name": "Can delete ayudantias", "content_type": 17, "codename": "delete_ayudantias"}}, {"model": "auth.permission", "pk": 52, "fields": {"name": "Can add noticia", "content_type": 18, "codename": "add_noticia"}}, {"model": "auth.permission", "pk": 53, "fields": {"name": "Can change noticia", "content_type": 18, "codename": "change_noticia"}}, {"model": "auth.permission", "pk": 54, "fields": {"name": "Can delete noticia", "content_type": 18, "codename": "delete_noticia"}}, {"model": "auth.permission", "pk": 55, "fields": {"name": "Can add ap iembed", "content_type": 19, "codename": "add_apiembed"}}, {"model": "auth.permission", "pk": 56, "fields": {"name": "Can change ap iembed", "content_type": 19, "codename": "change_apiembed"}}, {"model": "auth.permission", "pk": 57, "fields": {"name": "Can delete ap iembed", "content_type": 19, "codename": "delete_apiembed"}}, {"model": "auth.user", "pk": 1, "fields": {"password": "pbkdf2_sha256$30000$QeOlimtd5UnZ$q2Q3hfcrdQbifyGQn9VOw/fJEC4Ef+lzkvAYV7oXzgk=", "last_login": "2017-03-01T03:55:57.630Z", "is_superuser": true, "username": "bucky", "first_name": "", "last_name": "", "email": "imera92@gmail.com", "is_staff": true, "is_active": true, "date_joined": "2017-02-22T04:58:24.048Z", "groups": [], "user_permissions": []}}, {"model": "admin.logentry", "pk": 1, "fields": {"action_time": "2017-02-22T05:11:01.078Z", "user": 1, "content_type": 11, "object_id": "1", "object_repr": "En esta secci\u00f3n estar\u00e1 todo el material disponible de la materia por unidad. Podr\u00e1s encontrar diapositivas, videos, talleres, libros y m\u00e1s masterial para complementar lo aprendido en clases.", "action_flag": 1, "change_message": "[{\"added\": {}}]"}}, {"model": "admin.logentry", "pk": 2, "fields": {"action_time": "2017-02-22T05:11:30.023Z", "user": 1, "content_type": 12, "object_id": "1", "object_repr": "1 - Introducci\u00f3n", "action_flag": 1, "change_message": "[{\"added\": {}}]"}}, {"model": "admin.logentry", "pk": 3, "fields": {"action_time": "2017-02-22T05:11:44.624Z", "user": 1, "content_type": 12, "object_id": "2", "object_repr": "2 - Variables y Tipos de Datos", "action_flag": 1, "change_message": "[{\"added\": {}}]"}}, {"model": "admin.logentry", "pk": 4, "fields": {"action_time": "2017-02-22T05:11:57.273Z", "user": 1, "content_type": 12, "object_id": "3", "object_repr": "3 - Estructuras de Control", "action_flag": 1, "change_message": "[{\"added\": {}}]"}}, {"model": "admin.logentry", "pk": 5, "fields": {"action_time": "2017-02-22T05:12:07.642Z", "user": 1, "content_type": 12, "object_id": "4", "object_repr": "4 - Listas", "action_flag": 1, "change_message": "[{\"added\": {}}]"}}, {"model": "admin.logentry", "pk": 6, "fields": {"action_time": "2017-02-22T05:12:25.099Z", "user": 1, "content_type": 12, "object_id": "5", "object_repr": "5 - Arreglos N-Dimensionales", "action_flag": 1, "change_message": "[{\"added\": {}}]"}}, {"model": "admin.logentry", "pk": 7, "fields": {"action_time": "2017-02-22T05:12:38.256Z", "user": 1, "content_type": 12, "object_id": "6", "object_repr": "6 - Funciones", "action_flag": 1, "change_message": "[{\"added\": {}}]"}}, {"model": "admin.logentry", "pk": 8, "fields": {"action_time": "2017-02-22T05:12:48.683Z", "user": 1, "content_type": 12, "object_id": "7", "object_repr": "7 - Colecciones", "action_flag": 1, "change_message": "[{\"added\": {}}]"}}, {"model": "admin.logentry", "pk": 9, "fields": {"action_time": "2017-02-22T05:13:09.918Z", "user": 1, "content_type": 12, "object_id": "8", "object_repr": "8 - Archivos: Entrada/Salida", "action_flag": 1, "change_message": "[{\"added\": {}}]"}}, {"model": "admin.logentry", "pk": 10, "fields": {"action_time": "2017-02-22T05:13:20.962Z", "user": 1, "content_type": 12, "object_id": "9", "object_repr": "9 - Procesamiento de Datos", "action_flag": 1, "change_message": "[{\"added\": {}}]"}}, {"model": "admin.logentry", "pk": 11, "fields": {"action_time": "2017-02-22T05:13:31.992Z", "user": 1, "content_type": 12, "object_id": "10", "object_repr": "10 - Ex\u00e1menes Anteriores", "action_flag": 1, "change_message": "[{\"added\": {}}]"}}, {"model": "admin.logentry", "pk": 12, "fields": {"action_time": "2017-02-22T05:14:16.288Z", "user": 1, "content_type": 9, "object_id": "1", "object_repr": "1 - Diapositivas", "action_flag": 1, "change_message": "[{\"added\": {}}]"}}, {"model": "admin.logentry", "pk": 13, "fields": {"action_time": "2017-02-22T05:14:35.437Z", "user": 1, "content_type": 9, "object_id": "2", "object_repr": "2 - Video", "action_flag": 1, "change_message": "[{\"added\": {}}]"}}, {"model": "admin.logentry", "pk": 14, "fields": {"action_time": "2017-02-22T05:14:43.524Z", "user": 1, "content_type": 9, "object_id": "3", "object_repr": "3 - Libro", "action_flag": 1, "change_message": "[{\"added\": {}}]"}}, {"model": "admin.logentry", "pk": 15, "fields": {"action_time": "2017-02-22T05:14:53.946Z", "user": 1, "content_type": 9, "object_id": "4", "object_repr": "4 - Taller", "action_flag": 1, "change_message": "[{\"added\": {}}]"}}, {"model": "admin.logentry", "pk": 16, "fields": {"action_time": "2017-02-22T05:15:04.509Z", "user": 1, "content_type": 9, "object_id": "5", "object_repr": "5 - Ejercicios", "action_flag": 1, "change_message": "[{\"added\": {}}]"}}, {"model": "admin.logentry", "pk": 17, "fields": {"action_time": "2017-02-22T05:15:15.923Z", "user": 1, "content_type": 9, "object_id": "6", "object_repr": "6 - Anexo", "action_flag": 1, "change_message": "[{\"added\": {}}]"}}, {"model": "admin.logentry", "pk": 18, "fields": {"action_time": "2017-02-22T05:16:11.966Z", "user": 1, "content_type": 9, "object_id": "7", "object_repr": "7 - Examen", "action_flag": 1, "change_message": "[{\"added\": {}}]"}}, {"model": "admin.logentry", "pk": 19, "fields": {"action_time": "2017-02-22T05:23:44.083Z", "user": 1, "content_type": 10, "object_id": "3", "object_repr": "3 - Diapositivas: Introducci\u00f3n - 1 - Diapositivas", "action_flag": 1, "change_message": "[{\"added\": {}}]"}}, {"model": "admin.logentry", "pk": 20, "fields": {"action_time": "2017-02-22T09:57:39.183Z", "user": 1, "content_type": 11, "object_id": "1", "object_repr": "En esta secci\u00f3n estar\u00e1 todo el material disponible de la materia por unidad. Podr\u00e1s encontrar diapositivas, videos, talleres, libros y m\u00e1s masterial para complementar lo aprendido en clases.", "action_flag": 1, "change_message": "[{\"added\": {}}]"}}, {"model": "admin.logentry", "pk": 21, "fields": {"action_time": "2017-02-22T09:57:56.540Z", "user": 1, "content_type": 12, "object_id": "1", "object_repr": "1 - Introducci\u00f3n", "action_flag": 1, "change_message": "[{\"added\": {}}]"}}, {"model": "admin.logentry", "pk": 22, "fields": {"action_time": "2017-02-22T09:58:13.214Z", "user": 1, "content_type": 12, "object_id": "2", "object_repr": "2 - Variables y Tipos de Datos", "action_flag": 1, "change_message": "[{\"added\": {}}]"}}, {"model": "admin.logentry", "pk": 23, "fields": {"action_time": "2017-02-22T09:58:27.022Z", "user": 1, "content_type": 12, "object_id": "3", "object_repr": "3 - Estructuras de Control", "action_flag": 1, "change_message": "[{\"added\": {}}]"}}, {"model": "admin.logentry", "pk": 24, "fields": {"action_time": "2017-02-22T09:58:35.436Z", "user": 1, "content_type": 12, "object_id": "4", "object_repr": "4 - Listas", "action_flag": 1, "change_message": "[{\"added\": {}}]"}}, {"model": "admin.logentry", "pk": 25, "fields": {"action_time": "2017-02-22T09:58:57.864Z", "user": 1, "content_type": 12, "object_id": "5", "object_repr": "5 - Arreglos N-Dimensionales", "action_flag": 1, "change_message": "[{\"added\": {}}]"}}, {"model": "admin.logentry", "pk": 26, "fields": {"action_time": "2017-02-22T09:59:09.905Z", "user": 1, "content_type": 12, "object_id": "6", "object_repr": "6 - Funciones", "action_flag": 1, "change_message": "[{\"added\": {}}]"}}, {"model": "admin.logentry", "pk": 27, "fields": {"action_time": "2017-02-22T09:59:20.577Z", "user": 1, "content_type": 12, "object_id": "7", "object_repr": "7 - Colecciones", "action_flag": 1, "change_message": "[{\"added\": {}}]"}}, {"model": "admin.logentry", "pk": 28, "fields": {"action_time": "2017-02-22T09:59:35.867Z", "user": 1, "content_type": 12, "object_id": "8", "object_repr": "8 - Archivos: Entrada/Salida", "action_flag": 1, "change_message": "[{\"added\": {}}]"}}, {"model": "admin.logentry", "pk": 29, "fields": {"action_time": "2017-02-22T09:59:48.101Z", "user": 1, "content_type": 12, "object_id": "9", "object_repr": "9 - Procesamiento de Datos", "action_flag": 1, "change_message": "[{\"added\": {}}]"}}, {"model": "admin.logentry", "pk": 30, "fields": {"action_time": "2017-02-22T09:59:59.614Z", "user": 1, "content_type": 12, "object_id": "10", "object_repr": "10 - Ex\u00e1menes Anteriores", "action_flag": 1, "change_message": "[{\"added\": {}}]"}}, {"model": "admin.logentry", "pk": 31, "fields": {"action_time": "2017-02-22T10:00:46.053Z", "user": 1, "content_type": 9, "object_id": "1", "object_repr": "1 - Diapositivas", "action_flag": 1, "change_message": "[{\"added\": {}}]"}}, {"model": "admin.logentry", "pk": 32, "fields": {"action_time": "2017-02-22T10:07:23.686Z", "user": 1, "content_type": 9, "object_id": "2", "object_repr": "2 - Video", "action_flag": 1, "change_message": "[{\"added\": {}}]"}}, {"model": "admin.logentry", "pk": 33, "fields": {"action_time": "2017-02-22T10:07:49.491Z", "user": 1, "content_type": 9, "object_id": "3", "object_repr": "3 - Diapositivas", "action_flag": 1, "change_message": "[{\"added\": {}}]"}}, {"model": "admin.logentry", "pk": 34, "fields": {"action_time": "2017-02-22T10:08:17.068Z", "user": 1, "content_type": 9, "object_id": "4", "object_repr": "4 - Taller", "action_flag": 1, "change_message": "[{\"added\": {}}]"}}, {"model": "admin.logentry", "pk": 35, "fields": {"action_time": "2017-02-22T10:08:43.532Z", "user": 1, "content_type": 9, "object_id": "5", "object_repr": "5 - Ejercicios", "action_flag": 1, "change_message": "[{\"added\": {}}]"}}, {"model": "admin.logentry", "pk": 36, "fields": {"action_time": "2017-02-22T10:09:31.456Z", "user": 1, "content_type": 9, "object_id": "6", "object_repr": "6 - Anexo", "action_flag": 1, "change_message": "[{\"added\": {}}]"}}, {"model": "admin.logentry", "pk": 37, "fields": {"action_time": "2017-02-22T10:10:02.143Z", "user": 1, "content_type": 9, "object_id": "7", "object_repr": "7 - Examen", "action_flag": 1, "change_message": "[{\"added\": {}}]"}}, {"model": "admin.logentry", "pk": 38, "fields": {"action_time": "2017-02-22T10:14:41.058Z", "user": 1, "content_type": 10, "object_id": "1", "object_repr": "1 - Introducci\u00f3n - Diapositivas", "action_flag": 1, "change_message": "[{\"added\": {}}]"}}, {"model": "admin.logentry", "pk": 39, "fields": {"action_time": "2017-02-22T10:15:24.545Z", "user": 1, "content_type": 10, "object_id": "2", "object_repr": "2 - Empezando a Programar - Video", "action_flag": 1, "change_message": "[{\"added\": {}}]"}}, {"model": "admin.logentry", "pk": 40, "fields": {"action_time": "2017-02-22T10:16:44.973Z", "user": 1, "content_type": 10, "object_id": "3", "object_repr": "3 - Libro Programaci\u00f3n en Python - Luis Rodr\u00edguez - Anexo", "action_flag": 1, "change_message": "[{\"added\": {}}]"}}, {"model": "admin.logentry", "pk": 41, "fields": {"action_time": "2017-02-22T10:23:26.382Z", "user": 1, "content_type": 10, "object_id": "4", "object_repr": "4 - Variables y Tipos de Datos - Diapositivas", "action_flag": 1, "change_message": "[{\"added\": {}}]"}}, {"model": "admin.logentry", "pk": 42, "fields": {"action_time": "2017-02-22T10:23:50.041Z", "user": 1, "content_type": 10, "object_id": "5", "object_repr": "5 - Manejo de Texto - Diapositivas", "action_flag": 1, "change_message": "[{\"added\": {}}]"}}, {"model": "admin.logentry", "pk": 43, "fields": {"action_time": "2017-02-22T10:24:45.613Z", "user": 1, "content_type": 10, "object_id": "6", "object_repr": "6 - Tipos de Datos y Manejo de Texto - Taller", "action_flag": 1, "change_message": "[{\"added\": {}}]"}}, {"model": "admin.logentry", "pk": 44, "fields": {"action_time": "2017-02-22T10:25:17.565Z", "user": 1, "content_type": 10, "object_id": "7", "object_repr": "7 - Variables y Tipos de Datos - Video", "action_flag": 1, "change_message": "[{\"added\": {}}]"}}, {"model": "admin.logentry", "pk": 45, "fields": {"action_time": "2017-02-22T10:26:03.807Z", "user": 1, "content_type": 10, "object_id": "8", "object_repr": "8 - Condicionales - Diapositivas", "action_flag": 1, "change_message": "[{\"added\": {}}]"}}, {"model": "admin.logentry", "pk": 46, "fields": {"action_time": "2017-02-22T10:26:20.281Z", "user": 1, "content_type": 10, "object_id": "9", "object_repr": "9 - Lazos - Diapositivas", "action_flag": 1, "change_message": "[{\"added\": {}}]"}}, {"model": "admin.logentry", "pk": 47, "fields": {"action_time": "2017-02-22T10:26:59.620Z", "user": 1, "content_type": 10, "object_id": "10", "object_repr": "10 - Tipos de Datos y Estructuras de Control - Ejercicios", "action_flag": 1, "change_message": "[{\"added\": {}}]"}}, {"model": "admin.logentry", "pk": 48, "fields": {"action_time": "2017-02-22T10:27:12.897Z", "user": 1, "content_type": 10, "object_id": "11", "object_repr": "11 - Estructuras de Control - Video", "action_flag": 1, "change_message": "[{\"added\": {}}]"}}, {"model": "admin.logentry", "pk": 49, "fields": {"action_time": "2017-02-22T10:27:37.912Z", "user": 1, "content_type": 10, "object_id": "12", "object_repr": "12 - Listas - Diapositivas", "action_flag": 1, "change_message": "[{\"added\": {}}]"}}, {"model": "admin.logentry", "pk": 50, "fields": {"action_time": "2017-02-22T10:28:19.327Z", "user": 1, "content_type": 10, "object_id": "13", "object_repr": "13 - Listas - Ejercicios", "action_flag": 1, "change_message": "[{\"added\": {}}]"}}, {"model": "admin.logentry", "pk": 51, "fields": {"action_time": "2017-02-22T10:28:47.092Z", "user": 1, "content_type": 10, "object_id": "14", "object_repr": "14 - Listas y Cadenas de Texto - Ejercicios", "action_flag": 1, "change_message": "[{\"added\": {}}]"}}, {"model": "admin.logentry", "pk": 52, "fields": {"action_time": "2017-02-22T10:29:15.454Z", "user": 1, "content_type": 10, "object_id": "15", "object_repr": "15 - Listas - Taller", "action_flag": 1, "change_message": "[{\"added\": {}}]"}}, {"model": "admin.logentry", "pk": 53, "fields": {"action_time": "2017-02-22T10:29:48.535Z", "user": 1, "content_type": 10, "object_id": "16", "object_repr": "16 - Funciones de Listas y Cadenas de Texto - Anexo", "action_flag": 1, "change_message": "[{\"added\": {}}]"}}, {"model": "admin.logentry", "pk": 54, "fields": {"action_time": "2017-02-22T10:30:41.653Z", "user": 1, "content_type": 10, "object_id": "17", "object_repr": "17 - Arreglos N-Dimensionales - Diapositivas", "action_flag": 1, "change_message": "[{\"added\": {}}]"}}, {"model": "admin.logentry", "pk": 55, "fields": {"action_time": "2017-02-22T10:31:16.963Z", "user": 1, "content_type": 10, "object_id": "18", "object_repr": "18 - Numpy (Parte 1) - Ejercicios", "action_flag": 1, "change_message": "[{\"added\": {}}]"}}, {"model": "admin.logentry", "pk": 56, "fields": {"action_time": "2017-02-22T10:31:48.134Z", "user": 1, "content_type": 10, "object_id": "19", "object_repr": "19 - Numpy (Parte 2) - Ejercicios", "action_flag": 1, "change_message": "[{\"added\": {}}]"}}, {"model": "admin.logentry", "pk": 57, "fields": {"action_time": "2017-02-22T10:37:14.177Z", "user": 1, "content_type": 10, "object_id": "20", "object_repr": "20 - Numpy - Taller", "action_flag": 1, "change_message": "[{\"added\": {}}]"}}, {"model": "admin.logentry", "pk": 58, "fields": {"action_time": "2017-02-22T10:37:47.447Z", "user": 1, "content_type": 10, "object_id": "21", "object_repr": "21 - Funciones de Numpy - Anexo", "action_flag": 1, "change_message": "[{\"added\": {}}]"}}, {"model": "admin.logentry", "pk": 59, "fields": {"action_time": "2017-02-22T10:38:11.433Z", "user": 1, "content_type": 10, "object_id": "22", "object_repr": "22 - Instalar Numpy - Video", "action_flag": 1, "change_message": "[{\"added\": {}}]"}}, {"model": "admin.logentry", "pk": 60, "fields": {"action_time": "2017-02-22T10:38:55.289Z", "user": 1, "content_type": 10, "object_id": "23", "object_repr": "23 - Documentaci\u00f3n de Numpy - Anexo", "action_flag": 1, "change_message": "[{\"added\": {}}]"}}, {"model": "admin.logentry", "pk": 61, "fields": {"action_time": "2017-02-22T10:40:53.685Z", "user": 1, "content_type": 10, "object_id": "24", "object_repr": "24 - Funciones - Diapositivas", "action_flag": 1, "change_message": "[{\"added\": {}}]"}}, {"model": "admin.logentry", "pk": 62, "fields": {"action_time": "2017-02-22T10:41:17.158Z", "user": 1, "content_type": 10, "object_id": "25", "object_repr": "25 - Funciones - Ejercicios", "action_flag": 1, "change_message": "[{\"added\": {}}]"}}, {"model": "admin.logentry", "pk": 63, "fields": {"action_time": "2017-02-22T10:42:00.747Z", "user": 1, "content_type": 10, "object_id": "26", "object_repr": "26 - Funciones - Taller 1 - Taller", "action_flag": 1, "change_message": "[{\"added\": {}}]"}}, {"model": "admin.logentry", "pk": 64, "fields": {"action_time": "2017-02-22T10:42:15.759Z", "user": 1, "content_type": 10, "object_id": "27", "object_repr": "27 - Funciones - Taller 2 - Taller", "action_flag": 1, "change_message": "[{\"added\": {}}]"}}, {"model": "admin.logentry", "pk": 65, "fields": {"action_time": "2017-02-22T10:42:52.269Z", "user": 1, "content_type": 10, "object_id": "28", "object_repr": "28 - Colecciones - Diapositivas", "action_flag": 1, "change_message": "[{\"added\": {}}]"}}, {"model": "admin.logentry", "pk": 66, "fields": {"action_time": "2017-02-22T10:43:37.590Z", "user": 1, "content_type": 10, "object_id": "29", "object_repr": "29 - Colecciones (Parte 1) - Ejercicios", "action_flag": 1, "change_message": "[{\"added\": {}}]"}}, {"model": "admin.logentry", "pk": 67, "fields": {"action_time": "2017-02-22T10:43:56.902Z", "user": 1, "content_type": 10, "object_id": "30", "object_repr": "30 - Colecciones (Parte 2) - Ejercicios", "action_flag": 1, "change_message": "[{\"added\": {}}]"}}, {"model": "admin.logentry", "pk": 68, "fields": {"action_time": "2017-02-22T10:44:11.963Z", "user": 1, "content_type": 10, "object_id": "31", "object_repr": "31 - Colecciones - Taller", "action_flag": 1, "change_message": "[{\"added\": {}}]"}}, {"model": "admin.logentry", "pk": 69, "fields": {"action_time": "2017-02-22T10:44:31.338Z", "user": 1, "content_type": 10, "object_id": "32", "object_repr": "32 - Funciones de Colecciones - Anexo", "action_flag": 1, "change_message": "[{\"added\": {}}]"}}, {"model": "admin.logentry", "pk": 70, "fields": {"action_time": "2017-02-22T10:45:31.989Z", "user": 1, "content_type": 10, "object_id": "33", "object_repr": "33 - Archivos - Diapositivas", "action_flag": 1, "change_message": "[{\"added\": {}}]"}}, {"model": "admin.logentry", "pk": 71, "fields": {"action_time": "2017-02-22T10:46:45.982Z", "user": 1, "content_type": 10, "object_id": "34", "object_repr": "34 - Archivos (Parte 1) - Ejercicios", "action_flag": 1, "change_message": "[{\"added\": {}}]"}}, {"model": "admin.logentry", "pk": 72, "fields": {"action_time": "2017-02-22T10:47:01.971Z", "user": 1, "content_type": 10, "object_id": "35", "object_repr": "35 - Archivos (Parte 2) - Ejercicios", "action_flag": 1, "change_message": "[{\"added\": {}}]"}}, {"model": "admin.logentry", "pk": 73, "fields": {"action_time": "2017-02-22T10:47:20.366Z", "user": 1, "content_type": 10, "object_id": "36", "object_repr": "36 - Archivos (Parte 3) - Ejercicios", "action_flag": 1, "change_message": "[{\"added\": {}}]"}}, {"model": "admin.logentry", "pk": 74, "fields": {"action_time": "2017-02-22T10:47:37.476Z", "user": 1, "content_type": 10, "object_id": "37", "object_repr": "37 - Archivos - Taller", "action_flag": 1, "change_message": "[{\"added\": {}}]"}}, {"model": "admin.logentry", "pk": 75, "fields": {"action_time": "2017-02-22T10:48:15.772Z", "user": 1, "content_type": 10, "object_id": "38", "object_repr": "38 - Libreria Pandas - Anexo", "action_flag": 1, "change_message": "[{\"added\": {}}]"}}, {"model": "admin.logentry", "pk": 76, "fields": {"action_time": "2017-02-22T10:48:42.021Z", "user": 1, "content_type": 10, "object_id": "39", "object_repr": "39 - Documentaci\u00f3n de Pandas - Anexo", "action_flag": 1, "change_message": "[{\"added\": {}}]"}}, {"model": "admin.logentry", "pk": 77, "fields": {"action_time": "2017-02-22T10:49:23.478Z", "user": 1, "content_type": 10, "object_id": "40", "object_repr": "40 - Importancia de An\u00e1lisis de Datos - Video", "action_flag": 1, "change_message": "[{\"added\": {}}]"}}, {"model": "admin.logentry", "pk": 78, "fields": {"action_time": "2017-02-22T10:50:57.571Z", "user": 1, "content_type": 10, "object_id": "41", "object_repr": "41 - 2do T\u00e9rmino 2015 - Segundo Parcial - Examen", "action_flag": 1, "change_message": "[{\"added\": {}}]"}}, {"model": "admin.logentry", "pk": 79, "fields": {"action_time": "2017-02-22T10:51:31.409Z", "user": 1, "content_type": 10, "object_id": "42", "object_repr": "42 - 1er T\u00e9rmino 2016 - Primer Parcial - Examen", "action_flag": 1, "change_message": "[{\"added\": {}}]"}}, {"model": "admin.logentry", "pk": 80, "fields": {"action_time": "2017-02-22T10:51:54.160Z", "user": 1, "content_type": 10, "object_id": "43", "object_repr": "43 - 2do T\u00e9rmino 2016 - Primer Parcial - Examen", "action_flag": 1, "change_message": "[{\"added\": {}}]"}}, {"model": "admin.logentry", "pk": 81, "fields": {"action_time": "2017-02-22T16:24:10.465Z", "user": 1, "content_type": 13, "object_id": "1", "object_repr": "Coordinadores object", "action_flag": 1, "change_message": "[{\"added\": {}}]"}}, {"model": "admin.logentry", "pk": 82, "fields": {"action_time": "2017-02-22T16:38:54.667Z", "user": 1, "content_type": 14, "object_id": "1", "object_repr": "Prof.: Allan Avenda\u00f1o", "action_flag": 1, "change_message": "[{\"added\": {}}]"}}, {"model": "admin.logentry", "pk": 83, "fields": {"action_time": "2017-02-22T16:39:34.793Z", "user": 1, "content_type": 14, "object_id": "2", "object_repr": "Prof.: Ana Tapia", "action_flag": 1, "change_message": "[{\"added\": {}}]"}}, {"model": "admin.logentry", "pk": 84, "fields": {"action_time": "2017-02-22T16:39:54.391Z", "user": 1, "content_type": 14, "object_id": "3", "object_repr": "Prof.: \u00c1ngela Carrera", "action_flag": 1, "change_message": "[{\"added\": {}}]"}}, {"model": "admin.logentry", "pk": 85, "fields": {"action_time": "2017-02-22T16:40:11.911Z", "user": 1, "content_type": 14, "object_id": "4", "object_repr": "Prof.: Carmen Vaca", "action_flag": 1, "change_message": "[{\"added\": {}}]"}}, {"model": "admin.logentry", "pk": 86, "fields": {"action_time": "2017-02-22T16:40:35.305Z", "user": 1, "content_type": 14, "object_id": "5", "object_repr": "Prof.: Cruz Mar\u00eda Falcones", "action_flag": 1, "change_message": "[{\"added\": {}}]"}}, {"model": "admin.logentry", "pk": 87, "fields": {"action_time": "2017-02-22T16:40:51.863Z", "user": 1, "content_type": 14, "object_id": "6", "object_repr": "Prof.: Dalton Noboa", "action_flag": 1, "change_message": "[{\"added\": {}}]"}}, {"model": "admin.logentry", "pk": 88, "fields": {"action_time": "2017-02-22T16:41:25.205Z", "user": 1, "content_type": 14, "object_id": "7", "object_repr": "Prof.: Edison Del Rosario", "action_flag": 1, "change_message": "[{\"added\": {}}]"}}, {"model": "admin.logentry", "pk": 89, "fields": {"action_time": "2017-02-22T16:41:42.937Z", "user": 1, "content_type": 14, "object_id": "8", "object_repr": "Prof.: Eduardo Cruz", "action_flag": 1, "change_message": "[{\"added\": {}}]"}}, {"model": "admin.logentry", "pk": 90, "fields": {"action_time": "2017-02-22T16:42:02.200Z", "user": 1, "content_type": 14, "object_id": "9", "object_repr": "Prof.: Eduardo Murillo", "action_flag": 1, "change_message": "[{\"added\": {}}]"}}, {"model": "admin.logentry", "pk": 91, "fields": {"action_time": "2017-02-22T16:42:17.603Z", "user": 1, "content_type": 14, "object_id": "10", "object_repr": "Prof.: Frank Malo", "action_flag": 1, "change_message": "[{\"added\": {}}]"}}, {"model": "admin.logentry", "pk": 92, "fields": {"action_time": "2017-02-22T16:42:32.487Z", "user": 1, "content_type": 14, "object_id": "11", "object_repr": "Prof.: Ginger Saltos", "action_flag": 1, "change_message": "[{\"added\": {}}]"}}, {"model": "admin.logentry", "pk": 93, "fields": {"action_time": "2017-02-22T16:42:51.149Z", "user": 1, "content_type": 14, "object_id": "12", "object_repr": "Prof.: Irene Cheung", "action_flag": 1, "change_message": "[{\"added\": {}}]"}}, {"model": "admin.logentry", "pk": 94, "fields": {"action_time": "2017-02-22T16:43:06.229Z", "user": 1, "content_type": 14, "object_id": "13", "object_repr": "Prof.: Jorge Magallanes", "action_flag": 1, "change_message": "[{\"added\": {}}]"}}, {"model": "admin.logentry", "pk": 95, "fields": {"action_time": "2017-02-22T16:43:26.746Z", "user": 1, "content_type": 14, "object_id": "14", "object_repr": "Prof.: Jorge Ugarte", "action_flag": 1, "change_message": "[{\"added\": {}}]"}}, {"model": "admin.logentry", "pk": 96, "fields": {"action_time": "2017-02-22T16:43:40.923Z", "user": 1, "content_type": 14, "object_id": "15", "object_repr": "Prof.: Jos\u00e9 Villa", "action_flag": 1, "change_message": "[{\"added\": {}}]"}}, {"model": "admin.logentry", "pk": 97, "fields": {"action_time": "2017-02-22T16:43:55.885Z", "user": 1, "content_type": 14, "object_id": "16", "object_repr": "Prof.: Lorena Carl\u00f3", "action_flag": 1, "change_message": "[{\"added\": {}}]"}}, {"model": "admin.logentry", "pk": 98, "fields": {"action_time": "2017-02-22T16:44:13.616Z", "user": 1, "content_type": 14, "object_id": "17", "object_repr": "Prof.: Luis Rodriguez", "action_flag": 1, "change_message": "[{\"added\": {}}]"}}, {"model": "admin.logentry", "pk": 99, "fields": {"action_time": "2017-02-22T16:44:28.331Z", "user": 1, "content_type": 14, "object_id": "18", "object_repr": "Prof.: Marcos Calder\u00f3n", "action_flag": 1, "change_message": "[{\"added\": {}}]"}}, {"model": "admin.logentry", "pk": 100, "fields": {"action_time": "2017-02-22T16:47:43.912Z", "user": 1, "content_type": 14, "object_id": "19", "object_repr": "Prof.: Miguel Realpe", "action_flag": 1, "change_message": "[{\"added\": {}}]"}}, {"model": "admin.logentry", "pk": 101, "fields": {"action_time": "2017-02-22T16:48:02.846Z", "user": 1, "content_type": 14, "object_id": "20", "object_repr": "Prof.: Orlando Zambrano", "action_flag": 1, "change_message": "[{\"added\": {}}]"}}, {"model": "admin.logentry", "pk": 102, "fields": {"action_time": "2017-02-22T16:48:19.731Z", "user": 1, "content_type": 14, "object_id": "21", "object_repr": "Prof.: Roc\u00edo Mera", "action_flag": 1, "change_message": "[{\"added\": {}}]"}}, {"model": "admin.logentry", "pk": 103, "fields": {"action_time": "2017-02-22T16:48:37.744Z", "user": 1, "content_type": 14, "object_id": "22", "object_repr": "Prof.: Rodrigo Saraguro", "action_flag": 1, "change_message": "[{\"added\": {}}]"}}, {"model": "admin.logentry", "pk": 104, "fields": {"action_time": "2017-02-22T16:48:53.258Z", "user": 1, "content_type": 14, "object_id": "23", "object_repr": "Prof.: Ver\u00f3nica Carrasco", "action_flag": 1, "change_message": "[{\"added\": {}}]"}}, {"model": "admin.logentry", "pk": 105, "fields": {"action_time": "2017-02-22T16:49:10.917Z", "user": 1, "content_type": 14, "object_id": "24", "object_repr": "Prof.: Vladimir Pincay", "action_flag": 1, "change_message": "[{\"added\": {}}]"}}, {"model": "admin.logentry", "pk": 106, "fields": {"action_time": "2017-02-22T16:49:27.001Z", "user": 1, "content_type": 14, "object_id": "25", "object_repr": "Prof.: Wendy Yanez", "action_flag": 1, "change_message": "[{\"added\": {}}]"}}, {"model": "admin.logentry", "pk": 107, "fields": {"action_time": "2017-02-22T16:51:26.067Z", "user": 1, "content_type": 16, "object_id": "201410264", "object_repr": "201410264 - Galo Castillo", "action_flag": 1, "change_message": "[{\"added\": {}}]"}}, {"model": "admin.logentry", "pk": 108, "fields": {"action_time": "2017-02-22T16:52:04.185Z", "user": 1, "content_type": 16, "object_id": "201302882", "object_repr": "201302882 - Jorge Cede\u00f1o", "action_flag": 1, "change_message": "[{\"added\": {}}]"}}, {"model": "admin.logentry", "pk": 109, "fields": {"action_time": "2017-02-22T16:52:26.642Z", "user": 1, "content_type": 16, "object_id": "201410871", "object_repr": "201410871 - Mar\u00eda Bel\u00e9n Guaranda", "action_flag": 1, "change_message": "[{\"added\": {}}]"}}, {"model": "admin.logentry", "pk": 110, "fields": {"action_time": "2017-02-22T16:52:44.612Z", "user": 1, "content_type": 16, "object_id": "201417433", "object_repr": "201417433 - Gerald Gutierrez", "action_flag": 1, "change_message": "[{\"added\": {}}]"}}, {"model": "admin.logentry", "pk": 111, "fields": {"action_time": "2017-02-22T16:53:03.683Z", "user": 1, "content_type": 16, "object_id": "201304087", "object_repr": "201304087 - Emmanuel Mor\u00e1n", "action_flag": 1, "change_message": "[{\"added\": {}}]"}}, {"model": "admin.logentry", "pk": 112, "fields": {"action_time": "2017-02-22T16:53:19.886Z", "user": 1, "content_type": 16, "object_id": "201410224", "object_repr": "201410224 - Leonardo Kuffo", "action_flag": 1, "change_message": "[{\"added\": {}}]"}}, {"model": "admin.logentry", "pk": 113, "fields": {"action_time": "2017-02-22T16:54:07.262Z", "user": 1, "content_type": 16, "object_id": "N/A", "object_repr": "N/A - Jorge Murillo", "action_flag": 1, "change_message": "[{\"added\": {}}]"}}, {"model": "admin.logentry", "pk": 114, "fields": {"action_time": "2017-02-22T16:54:28.017Z", "user": 1, "content_type": 16, "object_id": "201421632", "object_repr": "201421632 - Jorge Guerra", "action_flag": 1, "change_message": "[{\"added\": {}}]"}}, {"model": "admin.logentry", "pk": 115, "fields": {"action_time": "2017-02-22T17:04:44.199Z", "user": 1, "content_type": 15, "object_id": "24A-210", "object_repr": "24A-210", "action_flag": 1, "change_message": "[{\"added\": {}}]"}}, {"model": "admin.logentry", "pk": 116, "fields": {"action_time": "2017-02-22T17:06:21.326Z", "user": 1, "content_type": 15, "object_id": "Sala de Ayudantes de la FIEC", "object_repr": "Sala de Ayudantes de la FIEC", "action_flag": 1, "change_message": "[{\"added\": {}}]"}}, {"model": "admin.logentry", "pk": 117, "fields": {"action_time": "2017-02-22T17:06:54.021Z", "user": 1, "content_type": 15, "object_id": "24A-103", "object_repr": "24A-103", "action_flag": 1, "change_message": "[{\"added\": {}}]"}}, {"model": "admin.logentry", "pk": 118, "fields": {"action_time": "2017-02-22T17:07:27.281Z", "user": 1, "content_type": 15, "object_id": "24A-207", "object_repr": "24A-207", "action_flag": 1, "change_message": "[{\"added\": {}}]"}}, {"model": "admin.logentry", "pk": 119, "fields": {"action_time": "2017-02-22T17:07:55.351Z", "user": 1, "content_type": 15, "object_id": "24A-113", "object_repr": "24A-113", "action_flag": 1, "change_message": "[{\"added\": {}}]"}}, {"model": "admin.logentry", "pk": 120, "fields": {"action_time": "2017-02-22T17:08:24.980Z", "user": 1, "content_type": 15, "object_id": "24A-204", "object_repr": "24A-204", "action_flag": 1, "change_message": "[{\"added\": {}}]"}}, {"model": "admin.logentry", "pk": 121, "fields": {"action_time": "2017-02-22T17:09:51.749Z", "user": 1, "content_type": 15, "object_id": "CIB", "object_repr": "CIB", "action_flag": 1, "change_message": "[{\"added\": {}}]"}}, {"model": "admin.logentry", "pk": 122, "fields": {"action_time": "2017-02-22T17:10:45.020Z", "user": 1, "content_type": 15, "object_id": "SP-01", "object_repr": "SP-01", "action_flag": 1, "change_message": "[{\"added\": {}}]"}}, {"model": "admin.logentry", "pk": 123, "fields": {"action_time": "2017-02-22T17:11:39.945Z", "user": 1, "content_type": 15, "object_id": "24A-114", "object_repr": "24A-114", "action_flag": 1, "change_message": "[{\"added\": {}}]"}}, {"model": "admin.logentry", "pk": 124, "fields": {"action_time": "2017-02-22T17:12:15.495Z", "user": 1, "content_type": 15, "object_id": "24A-201", "object_repr": "24A-201", "action_flag": 1, "change_message": "[{\"added\": {}}]"}}, {"model": "admin.logentry", "pk": 125, "fields": {"action_time": "2017-02-22T17:34:08.438Z", "user": 1, "content_type": 17, "object_id": "4", "object_repr": "201410264 - 24A-210 - Lunes", "action_flag": 1, "change_message": "[{\"added\": {}}]"}}, {"model": "admin.logentry", "pk": 126, "fields": {"action_time": "2017-02-22T17:34:49.940Z", "user": 1, "content_type": 17, "object_id": "5", "object_repr": "201410264 - 24A-210 - Miercoles", "action_flag": 1, "change_message": "[{\"added\": {}}]"}}, {"model": "admin.logentry", "pk": 127, "fields": {"action_time": "2017-02-22T17:35:17.192Z", "user": 1, "content_type": 17, "object_id": "6", "object_repr": "201410264 - Sala de Ayudantes de la FIEC - Martes", "action_flag": 1, "change_message": "[{\"added\": {}}]"}}, {"model": "admin.logentry", "pk": 128, "fields": {"action_time": "2017-02-22T17:35:42.670Z", "user": 1, "content_type": 17, "object_id": "7", "object_repr": "201410264 - Sala de Ayudantes de la FIEC - Jueves", "action_flag": 1, "change_message": "[{\"added\": {}}]"}}, {"model": "admin.logentry", "pk": 129, "fields": {"action_time": "2017-02-22T17:36:43.896Z", "user": 1, "content_type": 17, "object_id": "8", "object_repr": "201302882 - 24A-103 - Martes", "action_flag": 1, "change_message": "[{\"added\": {}}]"}}, {"model": "admin.logentry", "pk": 130, "fields": {"action_time": "2017-02-22T17:37:14.875Z", "user": 1, "content_type": 17, "object_id": "9", "object_repr": "201302882 - Sala de Ayudantes de la FIEC - Jueves", "action_flag": 1, "change_message": "[{\"added\": {}}]"}}, {"model": "admin.logentry", "pk": 131, "fields": {"action_time": "2017-02-22T17:37:48.354Z", "user": 1, "content_type": 17, "object_id": "10", "object_repr": "201410871 - 24A-207 - Lunes", "action_flag": 1, "change_message": "[{\"added\": {}}]"}}, {"model": "admin.logentry", "pk": 132, "fields": {"action_time": "2017-02-22T17:38:36.227Z", "user": 1, "content_type": 17, "object_id": "11", "object_repr": "201410871 - 24A-113 - Miercoles", "action_flag": 1, "change_message": "[{\"added\": {}}]"}}, {"model": "admin.logentry", "pk": 133, "fields": {"action_time": "2017-02-22T17:38:59.118Z", "user": 1, "content_type": 17, "object_id": "12", "object_repr": "201410871 - Sala de Ayudantes de la FIEC - Viernes", "action_flag": 1, "change_message": "[{\"added\": {}}]"}}, {"model": "admin.logentry", "pk": 134, "fields": {"action_time": "2017-02-22T17:39:22.136Z", "user": 1, "content_type": 17, "object_id": "13", "object_repr": "201417433 - 24A-210 - Viernes", "action_flag": 1, "change_message": "[{\"added\": {}}]"}}, {"model": "admin.logentry", "pk": 135, "fields": {"action_time": "2017-02-22T17:39:46.087Z", "user": 1, "content_type": 17, "object_id": "14", "object_repr": "201417433 - 24A-204 - Martes", "action_flag": 1, "change_message": "[{\"added\": {}}]"}}, {"model": "admin.logentry", "pk": 136, "fields": {"action_time": "2017-02-22T17:40:30.586Z", "user": 1, "content_type": 17, "object_id": "15", "object_repr": "201417433 - CIB - Viernes", "action_flag": 1, "change_message": "[{\"added\": {}}]"}}, {"model": "admin.logentry", "pk": 137, "fields": {"action_time": "2017-02-22T17:41:09.607Z", "user": 1, "content_type": 17, "object_id": "16", "object_repr": "201304087 - 24A-103 - Lunes", "action_flag": 1, "change_message": "[{\"added\": {}}]"}}, {"model": "admin.logentry", "pk": 138, "fields": {"action_time": "2017-02-22T17:41:33.616Z", "user": 1, "content_type": 17, "object_id": "17", "object_repr": "201304087 - 24A-103 - Lunes", "action_flag": 1, "change_message": "[{\"added\": {}}]"}}, {"model": "admin.logentry", "pk": 139, "fields": {"action_time": "2017-02-22T17:41:54.895Z", "user": 1, "content_type": 17, "object_id": "18", "object_repr": "201304087 - Sala de Ayudantes de la FIEC - Martes", "action_flag": 1, "change_message": "[{\"added\": {}}]"}}, {"model": "admin.logentry", "pk": 140, "fields": {"action_time": "2017-02-22T17:42:12.764Z", "user": 1, "content_type": 17, "object_id": "19", "object_repr": "201304087 - Sala de Ayudantes de la FIEC - Jueves", "action_flag": 1, "change_message": "[{\"added\": {}}]"}}, {"model": "admin.logentry", "pk": 141, "fields": {"action_time": "2017-02-22T17:43:04.405Z", "user": 1, "content_type": 17, "object_id": "20", "object_repr": "201410224 - SP-01 - Martes", "action_flag": 1, "change_message": "[{\"added\": {}}]"}}, {"model": "admin.logentry", "pk": 142, "fields": {"action_time": "2017-02-22T17:43:44.484Z", "user": 1, "content_type": 17, "object_id": "21", "object_repr": "201410224 - 24A-204 - Viernes", "action_flag": 1, "change_message": "[{\"added\": {}}]"}}, {"model": "admin.logentry", "pk": 143, "fields": {"action_time": "2017-02-22T17:44:24.606Z", "user": 1, "content_type": 17, "object_id": "22", "object_repr": "N/A - 24A-114 - Martes", "action_flag": 1, "change_message": "[{\"added\": {}}]"}}, {"model": "admin.logentry", "pk": 144, "fields": {"action_time": "2017-02-22T17:44:45.407Z", "user": 1, "content_type": 17, "object_id": "23", "object_repr": "N/A - 24A-103 - Jueves", "action_flag": 1, "change_message": "[{\"added\": {}}]"}}, {"model": "admin.logentry", "pk": 145, "fields": {"action_time": "2017-02-22T17:45:02.534Z", "user": 1, "content_type": 17, "object_id": "24", "object_repr": "N/A - Sala de Ayudantes de la FIEC - Viernes", "action_flag": 1, "change_message": "[{\"added\": {}}]"}}, {"model": "admin.logentry", "pk": 146, "fields": {"action_time": "2017-02-22T17:45:25.371Z", "user": 1, "content_type": 17, "object_id": "25", "object_repr": "201421632 - 24A-201 - Jueves", "action_flag": 1, "change_message": "[{\"added\": {}}]"}}, {"model": "admin.logentry", "pk": 147, "fields": {"action_time": "2017-02-23T00:39:24.244Z", "user": 1, "content_type": 7, "object_id": "2", "object_repr": "2 - Objetivos", "action_flag": 2, "change_message": "[{\"changed\": {\"fields\": [\"descripcion\"]}}]"}}, {"model": "admin.logentry", "pk": 148, "fields": {"action_time": "2017-02-23T00:51:40.187Z", "user": 1, "content_type": 7, "object_id": "4", "object_repr": "4 - Pol\u00edticas", "action_flag": 2, "change_message": "[{\"changed\": {\"fields\": [\"descripcion\"]}}]"}}, {"model": "admin.logentry", "pk": 149, "fields": {"action_time": "2017-02-23T00:58:14.971Z", "user": 1, "content_type": 7, "object_id": "4", "object_repr": "4 - Pol\u00edticas", "action_flag": 2, "change_message": "[{\"changed\": {\"fields\": [\"descripcion\", \"estado\"]}}]"}}, {"model": "admin.logentry", "pk": 150, "fields": {"action_time": "2017-03-01T00:50:25.940Z", "user": 1, "content_type": 18, "object_id": "2", "object_repr": "Inauguraci\u00f3n del sitio web de Fundamentos de Computaci\u00f3n - 2017-02-28", "action_flag": 1, "change_message": "[{\"added\": {}}]"}}, {"model": "admin.logentry", "pk": 151, "fields": {"action_time": "2017-03-01T15:14:35.961Z", "user": 1, "content_type": 18, "object_id": "2", "object_repr": "Inauguraci\u00f3n del sitio web de Fundamentos de Programaci\u00f3n - 2017-02-28", "action_flag": 2, "change_message": "[{\"changed\": {\"fields\": [\"titulo\", \"descripcion\"]}}]"}}, {"model": "admin.logentry", "pk": 152, "fields": {"action_time": "2017-03-01T20:43:42.077Z", "user": 1, "content_type": 7, "object_id": "2", "object_repr": "2 - Objetivos", "action_flag": 2, "change_message": "[]"}}, {"model": "admin.logentry", "pk": 153, "fields": {"action_time": "2017-03-01T20:43:51.501Z", "user": 1, "content_type": 7, "object_id": "3", "object_repr": "3 - Syllabus", "action_flag": 2, "change_message": "[{\"changed\": {\"fields\": [\"descripcion\"]}}]"}}, {"model": "admin.logentry", "pk": 154, "fields": {"action_time": "2017-03-01T20:44:06.212Z", "user": 1, "content_type": 7, "object_id": "4", "object_repr": "4 - Pol\u00edticas", "action_flag": 2, "change_message": "[{\"changed\": {\"fields\": [\"estado\"]}}]"}}, {"model": "admin.logentry", "pk": 155, "fields": {"action_time": "2017-03-01T20:44:16.907Z", "user": 1, "content_type": 7, "object_id": "4", "object_repr": "4 - Pol\u00edticas", "action_flag": 2, "change_message": "[]"}}, {"model": "admin.logentry", "pk": 156, "fields": {"action_time": "2017-03-01T20:49:15.860Z", "user": 1, "content_type": 7, "object_id": "3", "object_repr": "3 - Syllabus", "action_flag": 2, "change_message": "[]"}}, {"model": "admin.logentry", "pk": 157, "fields": {"action_time": "2017-03-01T20:52:37.259Z", "user": 1, "content_type": 7, "object_id": "4", "object_repr": "4 - Pol\u00edticas", "action_flag": 2, "change_message": "[{\"changed\": {\"fields\": [\"descripcion\"]}}]"}}, {"model": "admin.logentry", "pk": 158, "fields": {"action_time": "2017-03-01T21:23:00.613Z", "user": 1, "content_type": 18, "object_id": "3", "object_repr": "Polit\u00e9cnicos plantean soluciones a problemas a trav\u00e9s de innovadores proyectos - 2017-03-01", "action_flag": 1, "change_message": "[{\"added\": {}}]"}}, {"model": "admin.logentry", "pk": 159, "fields": {"action_time": "2017-03-01T21:27:48.125Z", "user": 1, "content_type": 18, "object_id": "4", "object_repr": "Cient\u00edficos de la Universidad de Gante recorrieron el campus de la ESPOL - 2017-03-01", "action_flag": 1, "change_message": "[{\"added\": {}}]"}}, {"model": "admin.logentry", "pk": 160, "fields": {"action_time": "2017-03-01T21:50:40.041Z", "user": 1, "content_type": 18, "object_id": "5", "object_repr": "Editores de texto para programadores exigentes - 2017-03-01", "action_flag": 1, "change_message": "[{\"added\": {}}]"}}, {"model": "admin.logentry", "pk": 161, "fields": {"action_time": "2017-03-01T21:54:58.590Z", "user": 1, "content_type": 18, "object_id": "5", "object_repr": "Editores de texto para programadores exigentes - 2017-03-01", "action_flag": 2, "change_message": "[{\"changed\": {\"fields\": [\"descripcion\"]}}]"}}, {"model": "admin.logentry", "pk": 162, "fields": {"action_time": "2017-03-01T22:26:30.125Z", "user": 1, "content_type": 18, "object_id": "6", "object_repr": "\u00bfEspacios o tabulaciones? La serie Silicon Valley reabre el eterno debate - 2017-03-01", "action_flag": 1, "change_message": "[{\"added\": {}}]"}}, {"model": "admin.logentry", "pk": 163, "fields": {"action_time": "2017-03-01T22:28:30.375Z", "user": 1, "content_type": 18, "object_id": "6", "object_repr": "\u00bfEspacios o tabulaciones? La serie Silicon Valley reabre el eterno debate - 2017-03-01", "action_flag": 2, "change_message": "[{\"changed\": {\"fields\": [\"descripcion\"]}}]"}}, {"model": "admin.logentry", "pk": 164, "fields": {"action_time": "2017-03-02T03:48:11.934Z", "user": 1, "content_type": 7, "object_id": "2", "object_repr": "2 - Objetivos", "action_flag": 2, "change_message": "[{\"changed\": {\"fields\": [\"estado\"]}}]"}}, {"model": "admin.logentry", "pk": 165, "fields": {"action_time": "2017-03-02T03:48:24.794Z", "user": 1, "content_type": 7, "object_id": "3", "object_repr": "3 - Syllabus", "action_flag": 2, "change_message": "[{\"changed\": {\"fields\": [\"estado\", \"indice\"]}}]"}}, {"model": "admin.logentry", "pk": 166, "fields": {"action_time": "2017-03-02T03:48:36.023Z", "user": 1, "content_type": 7, "object_id": "4", "object_repr": "4 - Pol\u00edticas", "action_flag": 2, "change_message": "[{\"changed\": {\"fields\": [\"estado\", \"indice\"]}}]"}}, {"model": "admin.logentry", "pk": 167, "fields": {"action_time": "2017-03-02T03:48:44.291Z", "user": 1, "content_type": 7, "object_id": "5", "object_repr": "5 - Horario", "action_flag": 2, "change_message": "[{\"changed\": {\"fields\": [\"estado\", \"indice\"]}}]"}}, {"model": "admin.logentry", "pk": 168, "fields": {"action_time": "2017-03-02T03:53:31.744Z", "user": 1, "content_type": 7, "object_id": "5", "object_repr": "4 - Horario - inactive", "action_flag": 2, "change_message": "[{\"changed\": {\"fields\": [\"descripcion\", \"estado\"]}}]"}}, {"model": "admin.logentry", "pk": 169, "fields": {"action_time": "2017-03-02T03:53:44.997Z", "user": 1, "content_type": 7, "object_id": "5", "object_repr": "4 - Horario - inactive", "action_flag": 2, "change_message": "[]"}}, {"model": "admin.logentry", "pk": 170, "fields": {"action_time": "2017-03-02T03:53:50.826Z", "user": 1, "content_type": 7, "object_id": "4", "object_repr": "3 - Pol\u00edticas - inactive", "action_flag": 2, "change_message": "[{\"changed\": {\"fields\": [\"estado\"]}}]"}}, {"model": "admin.logentry", "pk": 171, "fields": {"action_time": "2017-03-02T03:53:57.554Z", "user": 1, "content_type": 7, "object_id": "3", "object_repr": "2 - Syllabus - inactive", "action_flag": 2, "change_message": "[{\"changed\": {\"fields\": [\"estado\"]}}]"}}, {"model": "admin.logentry", "pk": 172, "fields": {"action_time": "2017-03-02T03:54:04.668Z", "user": 1, "content_type": 7, "object_id": "2", "object_repr": "1 - Objetivos - active", "action_flag": 2, "change_message": "[{\"changed\": {\"fields\": [\"estado\"]}}]"}}, {"model": "admin.logentry", "pk": 173, "fields": {"action_time": "2017-03-02T14:54:49.281Z", "user": 1, "content_type": 7, "object_id": "2", "object_repr": "1 - Objetivos - active", "action_flag": 2, "change_message": "[{\"changed\": {\"fields\": [\"descripcion\"]}}]"}}, {"model": "admin.logentry", "pk": 174, "fields": {"action_time": "2017-03-02T15:20:55.283Z", "user": 1, "content_type": 19, "object_id": "labs", "object_repr": "APIembed object", "action_flag": 1, "change_message": "[{\"added\": {}}]"}}, {"model": "admin.logentry", "pk": 175, "fields": {"action_time": "2017-03-02T15:22:47.863Z", "user": 1, "content_type": 19, "object_id": "cib", "object_repr": "cib", "action_flag": 1, "change_message": "[{\"added\": {}}]"}}, {"model": "admin.logentry", "pk": 176, "fields": {"action_time": "2017-03-02T15:23:02.656Z", "user": 1, "content_type": 19, "object_id": "fiec", "object_repr": "fiec", "action_flag": 1, "change_message": "[{\"added\": {}}]"}}, {"model": "admin.logentry", "pk": 177, "fields": {"action_time": "2017-03-02T15:30:45.979Z", "user": 1, "content_type": 15, "object_id": "CIB", "object_repr": "CIB", "action_flag": 2, "change_message": "[{\"changed\": {\"fields\": [\"embed\"]}}]"}}, {"model": "admin.logentry", "pk": 178, "fields": {"action_time": "2017-03-02T16:03:11.542Z", "user": 1, "content_type": 10, "object_id": "44", "object_repr": "44 - adsadsad - Diapositivas", "action_flag": 1, "change_message": "[{\"added\": {}}]"}}]